{"stats":{"minecraft:dropped":{"minecraft:stone_axe":2,"minecraft:stone_sword":1,"minecraft:bowl":1,"minecraft:slime_ball":4,"minecraft:wooden_pickaxe":2},"minecraft:used":{"minecraft:stone_pickaxe":120,"minecraft:oak_planks":12,"minecraft:spruce_planks":13,"minecraft:wooden_pickaxe":19,"minecraft:sandstone":1,"minecraft:dirt":12,"minecraft:crafting_table":5,"minecraft:carrot":2,"minecraft:black_bed":3,"minecraft:spruce_fence":1,"minecraft:oak_log":1,"minecraft:stone_axe":121,"minecraft:cobblestone":16,"minecraft:potion":1,"minecraft:furnace":2,"minecraft:oak_sapling":1,"minecraft:cooked_porkchop":6,"minecraft:beetroot_soup":1},"minecraft:mined":{"minecraft:potted_brown_mushroom":1,"minecraft:powder_snow":20,"minecraft:crafting_table":5,"minecraft:grass_block":4,"minecraft:spruce_fence":1,"minecraft:tall_grass":16,"minecraft:cobblestone":5,"minecraft:spruce_leaves":5,"minecraft:sugar_cane":7,"minecraft:sandstone":1,"minecraft:furnace":2,"minecraft:carrots":9,"minecraft:iron_ore":4,"minecraft:wheat":8,"minecraft:spruce_log":38,"minecraft:black_bed":4,"minecraft:grass":11,"minecraft:bookshelf":4,"minecraft:oak_log":32,"minecraft:potatoes":35,"minecraft:coal_ore":24,"minecraft:dirt":8,"minecraft:stone":38,"minecraft:oak_leaves":4},"minecraft:picked_up":{"minecraft:charcoal":8,"minecraft:mud":4,"minecraft:crafting_table":5,"minecraft:wheat":8,"minecraft:chicken":1,"minecraft:flower_pot":1,"minecraft:black_bed":4,"minecraft:brown_mushroom":1,"minecraft:wooden_pickaxe":1,"minecraft:potato":31,"minecraft:oak_log":31,"minecraft:dirt":12,"minecraft:paper":1,"minecraft:lantern":1,"minecraft:apple":2,"minecraft:wheat_seeds":19,"minecraft:light_gray_wool":1,"minecraft:sugar_cane":24,"minecraft:furnace":2,"minecraft:book":12,"minecraft:stick":2,"minecraft:raw_iron":4,"minecraft:sandstone":1,"minecraft:spruce_fence":1,"minecraft:porkchop":8,"minecraft:carrot":6,"minecraft:spruce_log":37,"minecraft:stone_axe":2,"minecraft:oak_sapling":12,"minecraft:mutton":7,"minecraft:coal":24,"minecraft:snowball":9,"minecraft:white_wool":4,"minecraft:cobblestone":45},"minecraft:killed_by":{"minecraft:player":1},"minecraft:killed":{"minecraft:pig":3,"minecraft:sheep":5,"alexsmobs:crow":1},"minecraft:crafted":{"minecraft:oak_planks":24,"minecraft:cooked_porkchop":8,"minecraft:crafting_table":2,"minecraft:spruce_planks":44,"minecraft:wooden_pickaxe":2,"minecraft:baked_potato":27,"minecraft:furnace":1,"minecraft:stone_axe":2,"minecraft:air":0,"minecraft:charcoal":14,"minecraft:stick":16,"minecraft:stone_pickaxe":1,"minecraft:stone_sword":2},"minecraft:custom":{"minecraft:interact_with_furnace":26,"minecraft:mob_kills":9,"minecraft:interact_with_crafting_table":8,"minecraft:eat_cake_slice":5,"minecraft:leave_game":6,"minecraft:time_since_death":96741,"minecraft:sleep_in_bed":4,"minecraft:time_since_rest":21336,"minecraft:sprint_one_cm":156838,"minecraft:damage_taken":830,"minecraft:walk_one_cm":93601,"minecraft:drop":7,"minecraft:damage_dealt":1076,"minecraft:swim_one_cm":7678,"minecraft:fly_one_cm":386896,"minecraft:player_kills":1,"minecraft:open_chest":9,"minecraft:play_time":107775,"minecraft:crouch_one_cm":10259,"minecraft:deaths":1,"minecraft:sneak_time":3739,"minecraft:walk_under_water_one_cm":497,"minecraft:jump":1602,"minecraft:walk_on_water_one_cm":3879,"minecraft:total_world_time":107775,"minecraft:fall_one_cm":38301}},"DataVersion":3465}