{"stats":{"minecraft:dropped":{"biomesoplenty:toadstool":7,"minecraft:stone_axe":2,"minecraft:brown_mushroom":1,"minecraft:wheat_seeds":20,"minecraft:baked_potato":8,"minecraft:stone_sword":1,"minecraft:glass_bottle":1,"minecraft:bowl":1,"minecraft:cobblestone":4,"minecraft:light_gray_wool":1,"minecraft:oak_planks":2,"minecraft:lantern":1,"minecraft:dirt":16,"minecraft:flower_pot":1,"minecraft:andesite":1,"minecraft:oak_sapling":11,"minecraft:slime_ball":4,"minecraft:wooden_pickaxe":2,"minecraft:paper":1},"minecraft:used":{"minecraft:baked_potato":7,"minecraft:stone_pickaxe":131,"minecraft:oak_planks":23,"minecraft:spruce_planks":13,"minecraft:wooden_pickaxe":19,"minecraft:sandstone":1,"minecraft:iron_sword":19,"minecraft:torch":6,"minecraft:dirt":15,"minecraft:crafting_table":8,"minecraft:carrot":2,"minecraft:black_bed":6,"minecraft:granite":1,"minecraft:spruce_fence":1,"minecraft:oak_log":1,"minecraft:bread":1,"minecraft:iron_pickaxe":108,"minecraft:stone_axe":152,"minecraft:cobblestone":16,"minecraft:potion":1,"minecraft:oak_sapling":1,"minecraft:furnace":5,"minecraft:cooked_porkchop":6,"biomesoplenty:fir_log":1,"minecraft:cobbled_deepslate":12,"minecraft:beetroot_soup":1},"minecraft:broken":{"minecraft:stone_axe":1},"minecraft:mined":{"create:zinc_ore":8,"minecraft:potted_brown_mushroom":1,"minecraft:powder_snow":20,"minecraft:crafting_table":8,"minecraft:granite":7,"minecraft:grass_block":5,"minecraft:spruce_fence":1,"minecraft:tall_grass":16,"minecraft:cobblestone":10,"minecraft:spruce_leaves":5,"minecraft:oak_planks":2,"minecraft:sugar_cane":7,"minecraft:diorite":1,"minecraft:sandstone":1,"minecraft:furnace":5,"minecraft:carrots":9,"minecraft:iron_ore":68,"biomesoplenty:toadstool":7,"minecraft:cobbled_deepslate":1,"minecraft:wheat":8,"minecraft:spruce_log":38,"minecraft:andesite":1,"minecraft:black_bed":7,"biomesoplenty:fir_log":32,"minecraft:grass":12,"minecraft:bookshelf":4,"minecraft:potatoes":35,"minecraft:coal_ore":24,"minecraft:oak_log":32,"minecraft:deepslate_iron_ore":1,"minecraft:dirt":18,"minecraft:stone":43,"minecraft:oak_leaves":4,"minecraft:deepslate":12},"minecraft:picked_up":{"minecraft:charcoal":14,"minecraft:mud":4,"minecraft:crafting_table":8,"minecraft:wheat":8,"minecraft:chicken":1,"minecraft:flower_pot":1,"minecraft:andesite":1,"minecraft:black_bed":7,"minecraft:brown_mushroom":1,"minecraft:wooden_pickaxe":1,"minecraft:potato":31,"biomesoplenty:fir_log":32,"create:raw_zinc":8,"minecraft:oak_log":31,"minecraft:dirt":31,"minecraft:paper":1,"minecraft:lantern":1,"minecraft:bone":5,"minecraft:apple":2,"minecraft:wheat_seeds":20,"minecraft:cobbled_deepslate":13,"minecraft:light_gray_wool":1,"minecraft:sugar_cane":24,"minecraft:oak_planks":2,"minecraft:furnace":5,"minecraft:book":12,"biomesoplenty:toadstool":7,"minecraft:raw_iron":69,"minecraft:stick":2,"minecraft:sandstone":1,"minecraft:spruce_fence":1,"minecraft:porkchop":8,"minecraft:diorite":1,"minecraft:spruce_log":37,"minecraft:carrot":6,"minecraft:arrow":3,"minecraft:rotten_flesh":1,"minecraft:stone_axe":2,"minecraft:granite":7,"minecraft:baked_potato":3,"minecraft:oak_sapling":12,"minecraft:mutton":7,"minecraft:coal":67,"minecraft:snowball":9,"minecraft:white_wool":4,"minecraft:cobblestone":54},"minecraft:killed_by":{"minecraft:player":1},"minecraft:killed":{"minecraft:pig":3,"minecraft:sheep":5,"minecraft:skeleton":3,"minecraft:zombie":2,"alexsmobs:crow":1},"minecraft:crafted":{"minecraft:oak_planks":64,"minecraft:cooked_porkchop":8,"minecraft:crafting_table":2,"minecraft:spruce_planks":44,"minecraft:baked_potato":27,"minecraft:wooden_pickaxe":2,"minecraft:iron_helmet":1,"minecraft:iron_sword":1,"minecraft:furnace":1,"minecraft:stone_axe":2,"minecraft:bread":2,"minecraft:air":0,"minecraft:iron_boots":1,"minecraft:iron_chestplate":1,"minecraft:charcoal":14,"minecraft:stick":48,"minecraft:iron_ingot":29,"minecraft:iron_pickaxe":1,"minecraft:stone_pickaxe":1,"minecraft:stone_sword":2,"minecraft:iron_leggings":1,"minecraft:torch":80,"create:zinc_ingot":5},"minecraft:custom":{"minecraft:interact_with_furnace":41,"minecraft:mob_kills":14,"minecraft:interact_with_crafting_table":17,"minecraft:eat_cake_slice":5,"minecraft:leave_game":7,"minecraft:time_since_death":129447,"minecraft:sleep_in_bed":9,"minecraft:time_since_rest":4321,"minecraft:sprint_one_cm":212211,"minecraft:damage_taken":1189,"minecraft:walk_one_cm":132293,"minecraft:drop":31,"minecraft:damage_dealt":2204,"minecraft:swim_one_cm":26651,"minecraft:player_kills":1,"minecraft:fly_one_cm":487169,"minecraft:play_time":140481,"minecraft:open_chest":9,"minecraft:crouch_one_cm":15449,"minecraft:sneak_time":5998,"tombstone:undead_killed":5,"minecraft:deaths":1,"minecraft:walk_under_water_one_cm":4188,"minecraft:jump":2188,"minecraft:walk_on_water_one_cm":10565,"minecraft:total_world_time":140481,"minecraft:fall_one_cm":54837}},"DataVersion":3465}