{"stats":{"minecraft:used":{"minecraft:stone_pickaxe":56,"minecraft:oak_planks":12,"minecraft:wooden_pickaxe":19,"minecraft:sandstone":1,"minecraft:dirt":1,"minecraft:crafting_table":4,"minecraft:carrot":2,"minecraft:black_bed":3,"minecraft:oak_log":1,"minecraft:stone_axe":84,"minecraft:furnace":1,"minecraft:oak_sapling":1,"minecraft:cooked_porkchop":2},"minecraft:crafted":{"minecraft:oak_planks":24,"minecraft:cooked_porkchop":8,"minecraft:crafting_table":2,"minecraft:spruce_planks":44,"minecraft:wooden_pickaxe":2,"minecraft:furnace":1,"minecraft:stone_axe":2,"minecraft:air":0,"minecraft:charcoal":14,"minecraft:stick":16,"minecraft:stone_pickaxe":1,"minecraft:stone_sword":2},"minecraft:killed_by":{"minecraft:player":1},"minecraft:mined":{"minecraft:potted_brown_mushroom":1,"minecraft:powder_snow":20,"minecraft:crafting_table":4,"minecraft:grass_block":3,"minecraft:cobblestone":4,"minecraft:tall_grass":16,"minecraft:spruce_leaves":5,"minecraft:sugar_cane":5,"minecraft:sandstone":1,"minecraft:furnace":1,"minecraft:iron_ore":4,"minecraft:spruce_log":18,"minecraft:black_bed":3,"minecraft:grass":11,"minecraft:oak_log":32,"minecraft:coal_ore":20,"minecraft:dirt":8,"minecraft:stone":36,"minecraft:oak_leaves":3},"minecraft:killed":{"minecraft:pig":3,"minecraft:sheep":2,"alexsmobs:crow":1},"minecraft:custom":{"minecraft:interact_with_furnace":17,"minecraft:mob_kills":6,"minecraft:interact_with_crafting_table":7,"minecraft:leave_game":3,"minecraft:time_since_death":73967,"minecraft:sleep_in_bed":3,"minecraft:time_since_rest":51878,"minecraft:sprint_one_cm":76990,"minecraft:damage_taken":450,"minecraft:walk_one_cm":63948,"minecraft:drop":5,"minecraft:damage_dealt":545,"minecraft:swim_one_cm":6092,"minecraft:fly_one_cm":219306,"minecraft:open_chest":3,"minecraft:crouch_one_cm":6338,"minecraft:play_time":85001,"minecraft:deaths":1,"minecraft:sneak_time":2591,"minecraft:walk_under_water_one_cm":409,"minecraft:jump":976,"minecraft:walk_on_water_one_cm":1438,"minecraft:total_world_time":85001,"minecraft:fall_one_cm":21323},"minecraft:picked_up":{"minecraft:mud":4,"minecraft:crafting_table":4,"minecraft:chicken":1,"minecraft:flower_pot":1,"minecraft:black_bed":3,"minecraft:brown_mushroom":1,"minecraft:wooden_pickaxe":1,"minecraft:oak_log":31,"minecraft:dirt":11,"minecraft:apple":1,"minecraft:wheat_seeds":1,"minecraft:light_gray_wool":1,"minecraft:sugar_cane":17,"minecraft:furnace":1,"minecraft:stick":2,"minecraft:raw_iron":4,"minecraft:sandstone":1,"minecraft:porkchop":8,"minecraft:spruce_log":18,"minecraft:stone_axe":2,"minecraft:oak_sapling":12,"minecraft:mutton":3,"minecraft:coal":20,"minecraft:snowball":9,"minecraft:white_wool":1,"minecraft:cobblestone":42},"minecraft:dropped":{"minecraft:stone_axe":2,"minecraft:stone_sword":1,"minecraft:wooden_pickaxe":2}},"DataVersion":3465}