{"stats":{"minecraft:dropped":{"minecraft:brown_mushroom":1,"minecraft:wheat_seeds":21,"minecraft:baked_potato":10,"minecraft:glass_bottle":1,"minecraft:cobblestone":9,"minecraft:lantern":1,"minecraft:apple":2,"minecraft:granite":6,"minecraft:dirt":16,"minecraft:diorite":1,"minecraft:paper":1,"minecraft:white_wool":4,"create:raw_zinc":3,"biomesoplenty:toadstool":7,"minecraft:stone_axe":2,"minecraft:sweet_berries":5,"minecraft:stone_sword":1,"minecraft:cobbled_deepslate":1,"minecraft:bowl":1,"minecraft:wheat":2,"minecraft:rotten_flesh":1,"minecraft:light_gray_wool":1,"minecraft:oak_planks":2,"minecraft:flower_pot":1,"create:zinc_ingot":5,"minecraft:andesite":1,"minecraft:oak_sapling":11,"minecraft:bamboo":3,"minecraft:slime_ball":4,"minecraft:arrow":3,"minecraft:wooden_pickaxe":2},"minecraft:used":{"minecraft:chest":2,"minecraft:spruce_planks":23,"minecraft:iron_sword":29,"minecraft:torch":14,"minecraft:dirt":24,"minecraft:carrot":2,"minecraft:spruce_fence":1,"minecraft:granite":1,"minecraft:furnace":5,"minecraft:oak_sapling":1,"minecraft:cobbled_deepslate":12,"minecraft:beetroot_soup":1,"minecraft:oak_planks":33,"minecraft:stone_pickaxe":132,"minecraft:baked_potato":13,"minecraft:wooden_pickaxe":19,"minecraft:sandstone":1,"minecraft:crafting_table":10,"minecraft:black_bed":7,"minecraft:oak_log":1,"minecraft:bread":2,"minecraft:iron_pickaxe":141,"minecraft:stone_axe":152,"minecraft:cobblestone":16,"minecraft:potion":1,"minecraft:cooked_porkchop":6,"minecraft:oak_boat":2,"biomesoplenty:fir_log":1,"minecraft:experience_bottle":1},"minecraft:broken":{"minecraft:stone_axe":1},"minecraft:mined":{"create:zinc_ore":8,"minecraft:granite":7,"minecraft:grass_block":9,"minecraft:spruce_fence":1,"minecraft:coal_block":8,"minecraft:spruce_leaves":5,"minecraft:sandstone":1,"minecraft:large_fern":2,"minecraft:furnace":5,"minecraft:carrots":9,"biomesoplenty:toadstool":7,"minecraft:iron_ore":68,"minecraft:cobbled_deepslate":1,"minecraft:andesite":1,"minecraft:azure_bluet":1,"minecraft:bookshelf":4,"minecraft:potatoes":35,"minecraft:deepslate_iron_ore":1,"minecraft:stone":43,"minecraft:potted_brown_mushroom":1,"minecraft:powder_snow":20,"minecraft:torch":2,"minecraft:crafting_table":9,"minecraft:tall_grass":16,"minecraft:cobblestone":10,"minecraft:sugar_cane":7,"minecraft:oak_planks":2,"minecraft:diorite":1,"minecraft:wall_torch":2,"minecraft:wheat":25,"minecraft:sweet_berry_bush":2,"minecraft:spruce_log":38,"minecraft:black_bed":8,"biomesoplenty:fir_log":32,"minecraft:grass":12,"minecraft:oak_log":32,"minecraft:coal_ore":24,"minecraft:dirt":23,"minecraft:oak_leaves":5,"minecraft:deepslate":12},"minecraft:picked_up":{"minecraft:mud":4,"minecraft:charcoal":14,"minecraft:iron_chestplate":4,"minecraft:crafting_table":9,"minecraft:wheat":20,"minecraft:azure_bluet":1,"minecraft:chainmail_boots":1,"minecraft:chicken":1,"minecraft:flower_pot":1,"minecraft:brown_mushroom":1,"minecraft:wooden_pickaxe":1,"minecraft:iron_leggings":4,"minecraft:armor_stand":5,"minecraft:experience_bottle":1,"minecraft:cobbled_deepslate":13,"minecraft:oak_boat":2,"minecraft:light_gray_wool":1,"minecraft:coal_block":8,"minecraft:sugar_cane":24,"minecraft:iron_boots":4,"minecraft:furnace":5,"minecraft:stick":2,"minecraft:raw_iron":69,"minecraft:sandstone":1,"minecraft:torch":6,"minecraft:spruce_fence":1,"minecraft:porkchop":8,"minecraft:diorite":1,"minecraft:carrot":6,"minecraft:arrow":3,"minecraft:rotten_flesh":1,"minecraft:mutton":7,"minecraft:white_wool":4,"minecraft:snowball":9,"minecraft:cobblestone":54,"minecraft:andesite":1,"minecraft:black_bed":8,"minecraft:potato":31,"biomesoplenty:fir_log":32,"create:raw_zinc":8,"minecraft:oak_log":31,"minecraft:dirt":40,"minecraft:paper":1,"minecraft:lantern":2,"minecraft:bone":5,"minecraft:apple":2,"minecraft:wheat_seeds":68,"minecraft:iron_sword":1,"minecraft:oak_planks":2,"minecraft:book":14,"biomesoplenty:toadstool":7,"minecraft:sweet_berries":5,"minecraft:spruce_log":37,"minecraft:stone_axe":2,"minecraft:iron_helmet":4,"minecraft:granite":7,"minecraft:chainmail_helmet":1,"minecraft:baked_potato":3,"minecraft:oak_sapling":12,"minecraft:coal":67},"minecraft:killed":{"minecraft:skeleton":3,"minecraft:pig":3,"minecraft:sheep":5,"minecraft:zombie":2,"alexsmobs:crow":1},"minecraft:killed_by":{"minecraft:player":1},"minecraft:crafted":{"minecraft:oak_planks":64,"minecraft:furnace":1,"minecraft:iron_boots":1,"minecraft:stone_pickaxe":1,"minecraft:chest":2,"minecraft:cooked_porkchop":8,"minecraft:crafting_table":2,"minecraft:spruce_planks":120,"minecraft:wooden_pickaxe":2,"minecraft:baked_potato":27,"minecraft:iron_helmet":1,"minecraft:iron_sword":1,"minecraft:stone_axe":2,"minecraft:bread":2,"minecraft:air":0,"minecraft:oak_boat":1,"minecraft:iron_chestplate":1,"minecraft:charcoal":14,"minecraft:stick":48,"minecraft:iron_ingot":29,"minecraft:iron_pickaxe":1,"minecraft:stone_sword":2,"minecraft:iron_leggings":1,"minecraft:torch":80,"create:zinc_ingot":5},"minecraft:custom":{"minecraft:interact_with_smithing_table":1,"minecraft:mob_kills":14,"minecraft:interact_with_crafting_table":19,"minecraft:open_barrel":1,"minecraft:eat_cake_slice":9,"minecraft:leave_game":7,"minecraft:time_since_death":159447,"minecraft:climb_one_cm":2085,"minecraft:sprint_one_cm":305830,"minecraft:walk_one_cm":166039,"minecraft:drop":47,"minecraft:talked_to_villager":5,"minecraft:play_time":170481,"minecraft:deaths":1,"minecraft:sneak_time":6660,"minecraft:walk_under_water_one_cm":9045,"minecraft:boat_one_cm":227385,"minecraft:jump":2674,"minecraft:walk_on_water_one_cm":13612,"minecraft:total_world_time":170481,"minecraft:interact_with_furnace":41,"minecraft:sleep_in_bed":11,"minecraft:time_since_rest":3538,"minecraft:damage_taken":1389,"minecraft:damage_dealt":2204,"minecraft:swim_one_cm":32401,"minecraft:fly_one_cm":623051,"minecraft:player_kills":1,"minecraft:open_chest":23,"minecraft:crouch_one_cm":17701,"tombstone:undead_killed":5,"minecraft:fall_one_cm":69878}},"DataVersion":3465}