{"stats":{"minecraft:dropped":{"biomesoplenty:toadstool":7,"minecraft:stone_axe":2,"minecraft:brown_mushroom":1,"minecraft:wheat_seeds":20,"minecraft:baked_potato":8,"minecraft:stone_sword":1,"minecraft:glass_bottle":1,"minecraft:bowl":1,"minecraft:cobblestone":4,"minecraft:light_gray_wool":1,"minecraft:oak_planks":2,"minecraft:lantern":1,"minecraft:dirt":16,"minecraft:flower_pot":1,"minecraft:andesite":1,"minecraft:oak_sapling":11,"minecraft:slime_ball":4,"minecraft:wooden_pickaxe":2,"minecraft:paper":1},"minecraft:used":{"minecraft:baked_potato":4,"minecraft:stone_pickaxe":125,"minecraft:oak_planks":12,"minecraft:spruce_planks":13,"minecraft:wooden_pickaxe":19,"minecraft:sandstone":1,"minecraft:dirt":15,"minecraft:crafting_table":7,"minecraft:carrot":2,"minecraft:black_bed":5,"minecraft:granite":1,"minecraft:spruce_fence":1,"minecraft:oak_log":1,"minecraft:iron_pickaxe":51,"minecraft:stone_axe":152,"minecraft:cobblestone":16,"minecraft:potion":1,"minecraft:furnace":5,"minecraft:oak_sapling":1,"minecraft:cooked_porkchop":6,"biomesoplenty:fir_log":1,"minecraft:beetroot_soup":1},"minecraft:broken":{"minecraft:stone_axe":1},"minecraft:mined":{"create:zinc_ore":8,"minecraft:potted_brown_mushroom":1,"minecraft:powder_snow":20,"minecraft:crafting_table":7,"minecraft:granite":4,"minecraft:grass_block":5,"minecraft:spruce_fence":1,"minecraft:tall_grass":16,"minecraft:cobblestone":10,"minecraft:spruce_leaves":5,"minecraft:sugar_cane":7,"minecraft:diorite":1,"minecraft:sandstone":1,"minecraft:furnace":4,"minecraft:carrots":9,"biomesoplenty:toadstool":7,"minecraft:iron_ore":29,"minecraft:wheat":8,"minecraft:spruce_log":38,"minecraft:andesite":1,"minecraft:black_bed":6,"biomesoplenty:fir_log":32,"minecraft:grass":12,"minecraft:bookshelf":4,"minecraft:oak_log":32,"minecraft:potatoes":35,"minecraft:coal_ore":24,"minecraft:dirt":18,"minecraft:stone":39,"minecraft:oak_leaves":4},"minecraft:picked_up":{"minecraft:charcoal":8,"minecraft:mud":4,"minecraft:crafting_table":7,"minecraft:wheat":8,"minecraft:chicken":1,"minecraft:flower_pot":1,"minecraft:andesite":1,"minecraft:black_bed":6,"minecraft:brown_mushroom":1,"minecraft:wooden_pickaxe":1,"minecraft:potato":31,"biomesoplenty:fir_log":32,"create:raw_zinc":8,"minecraft:oak_log":31,"minecraft:dirt":31,"minecraft:paper":1,"minecraft:lantern":1,"minecraft:apple":2,"minecraft:wheat_seeds":20,"minecraft:light_gray_wool":1,"minecraft:sugar_cane":24,"minecraft:furnace":4,"minecraft:book":12,"biomesoplenty:toadstool":7,"minecraft:stick":2,"minecraft:raw_iron":29,"minecraft:sandstone":1,"minecraft:spruce_fence":1,"minecraft:porkchop":8,"minecraft:diorite":1,"minecraft:carrot":6,"minecraft:spruce_log":37,"minecraft:stone_axe":2,"minecraft:granite":3,"minecraft:baked_potato":3,"minecraft:oak_sapling":12,"minecraft:mutton":7,"minecraft:coal":67,"minecraft:snowball":9,"minecraft:white_wool":4,"minecraft:cobblestone":50},"minecraft:killed_by":{"minecraft:player":1},"minecraft:killed":{"minecraft:pig":3,"minecraft:sheep":5,"minecraft:zombie":1,"alexsmobs:crow":1},"minecraft:crafted":{"minecraft:oak_planks":24,"minecraft:cooked_porkchop":8,"minecraft:crafting_table":2,"minecraft:spruce_planks":44,"minecraft:wooden_pickaxe":2,"minecraft:baked_potato":27,"minecraft:furnace":1,"minecraft:stone_axe":2,"minecraft:air":0,"minecraft:iron_chestplate":1,"minecraft:charcoal":14,"minecraft:stick":16,"minecraft:iron_ingot":14,"minecraft:iron_pickaxe":1,"minecraft:stone_pickaxe":1,"minecraft:stone_sword":2,"create:zinc_ingot":5},"minecraft:custom":{"minecraft:interact_with_furnace":40,"minecraft:mob_kills":10,"minecraft:interact_with_crafting_table":14,"minecraft:eat_cake_slice":5,"minecraft:leave_game":6,"minecraft:time_since_death":117702,"minecraft:sleep_in_bed":6,"minecraft:time_since_rest":10892,"minecraft:sprint_one_cm":188800,"minecraft:damage_taken":900,"minecraft:walk_one_cm":115448,"minecraft:drop":31,"minecraft:damage_dealt":1360,"minecraft:swim_one_cm":21521,"minecraft:fly_one_cm":466938,"minecraft:player_kills":1,"minecraft:open_chest":9,"minecraft:play_time":128736,"minecraft:crouch_one_cm":12183,"tombstone:undead_killed":1,"minecraft:deaths":1,"minecraft:sneak_time":4377,"minecraft:walk_under_water_one_cm":2841,"minecraft:jump":1975,"minecraft:walk_on_water_one_cm":7524,"minecraft:total_world_time":128736,"minecraft:fall_one_cm":48500}},"DataVersion":3465}