{"stats":{"minecraft:dropped":{"minecraft:wheat_seeds":1},"minecraft:used":{"minecraft:dark_oak_planks":1,"minecraft:apple":1,"minecraft:potato":10,"minecraft:blue_bed":1},"minecraft:mined":{"minecraft:dark_oak_planks":1,"minecraft:grass":2,"minecraft:spruce_log":2,"minecraft:blue_bed":3},"minecraft:picked_up":{"minecraft:cooked_mutton":1,"minecraft:item_frame":1,"minecraft:apple":1,"minecraft:wheat_seeds":1,"minecraft:gold_ingot":1,"minecraft:spruce_log":2,"minecraft:blue_bed":3,"minecraft:lantern":1,"minecraft:dark_oak_planks":1},"minecraft:custom":{"minecraft:open_chest":2,"minecraft:time_since_rest":1910,"minecraft:interact_with_furnace":1,"minecraft:play_time":9923,"minecraft:crouch_one_cm":463,"minecraft:sprint_one_cm":19429,"minecraft:damage_taken":210,"minecraft:walk_one_cm":16300,"minecraft:sneak_time":185,"minecraft:drop":1,"minecraft:jump":163,"minecraft:damage_dealt":16,"minecraft:time_since_death":9923,"minecraft:sleep_in_bed":1,"minecraft:total_world_time":9923,"minecraft:fall_one_cm":4052,"minecraft:fly_one_cm":46517}},"DataVersion":3465}