{"stats":{"minecraft:dropped":{"minecraft:iron_ingot":1,"minecraft:wheat_seeds":31,"minecraft:baked_potato":1,"alexsmobs:animal_dictionary":3,"minecraft:cobblestone":16,"minecraft:lantern":1,"minecraft:chainmail_helmet":1,"minecraft:chainmail_chestplate":2,"minecraft:item_frame":3,"minecraft:dirt":1,"minecraft:leather_boots":2,"minecraft:chainmail_boots":1,"minecraft:arrow":2,"minecraft:wooden_pickaxe":1,"minecraft:chainmail_leggings":2,"minecraft:spruce_sapling":2,"minecraft:armor_stand":1,"minecraft:gold_ingot":1},"minecraft:used":{"minecraft:cooked_mutton":2,"minecraft:snow_block":1,"minecraft:stone_pickaxe":26,"minecraft:baked_potato":5,"minecraft:spruce_planks":6,"minecraft:wooden_pickaxe":3,"minecraft:blue_bed":3,"minecraft:torch":10,"minecraft:dirt":4,"minecraft:crafting_table":2,"minecraft:stripped_spruce_log":1,"minecraft:dark_oak_planks":1,"minecraft:apple":1,"minecraft:bread":9,"minecraft:stone_axe":102,"minecraft:cobblestone":9,"minecraft:potato":64,"minecraft:experience_bottle":1},"minecraft:broken":{"minecraft:stone_axe":1},"minecraft:mined":{"minecraft:dark_oak_planks":1,"minecraft:podzol":2,"minecraft:redstone_block":1,"minecraft:glass_pane":1,"minecraft:crafting_table":2,"minecraft:torch":1,"minecraft:grass_block":1,"minecraft:redstone_wire":1,"minecraft:tall_grass":1,"minecraft:spruce_leaves":6,"biomesoplenty:huge_clover_petal":1,"minecraft:oak_planks":3,"minecraft:blue_bed":6,"minecraft:hay_block":6,"minecraft:carrots":5,"minecraft:wheat":6,"biomesoplenty:lavender":1,"minecraft:spruce_log":14,"minecraft:stripped_spruce_log":1,"minecraft:pumpkin":4,"biomesoplenty:fir_log":40,"minecraft:grass":5,"minecraft:bookshelf":2,"minecraft:potatoes":17,"minecraft:dirt":9,"minecraft:stonecutter":1,"minecraft:stone":22,"minecraft:fern":3},"minecraft:picked_up":{"minecraft:crafting_table":2,"minecraft:wheat":6,"minecraft:chainmail_boots":1,"minecraft:potato":20,"biomesoplenty:fir_log":38,"minecraft:chainmail_chestplate":2,"minecraft:blue_bed":5,"minecraft:dirt":12,"minecraft:lantern":1,"minecraft:armor_stand":1,"minecraft:leather_boots":2,"minecraft:cooked_mutton":2,"minecraft:item_frame":3,"minecraft:experience_bottle":1,"minecraft:bone":4,"minecraft:apple":1,"minecraft:stonecutter":1,"minecraft:bow":1,"minecraft:wheat_seeds":32,"minecraft:iron_pickaxe":1,"minecraft:oak_planks":2,"minecraft:book":6,"minecraft:pumpkin":3,"minecraft:torch":1,"sophisticatedbackpacks:backpack":1,"minecraft:porkchop":12,"minecraft:stripped_spruce_log":1,"minecraft:spruce_sapling":2,"minecraft:spruce_log":14,"minecraft:carrot":8,"alexsmobs:animal_dictionary":3,"minecraft:dark_oak_planks":1,"minecraft:arrow":2,"minecraft:chainmail_leggings":2,"minecraft:hay_block":6,"minecraft:chainmail_helmet":1,"minecraft:bread":1,"minecraft:gold_ingot":2,"alexsmobs:moose_ribs":3,"minecraft:emerald":2,"minecraft:mutton":4,"minecraft:white_wool":4,"minecraft:cobblestone":38},"minecraft:crafted":{"minecraft:crafting_table":2,"minecraft:spruce_planks":56,"minecraft:baked_potato":6,"minecraft:wooden_pickaxe":1,"minecraft:stone_axe":2,"minecraft:air":0,"biomesoplenty:fir_planks":152,"minecraft:stick":16,"minecraft:stone_pickaxe":1,"minecraft:torch":16},"minecraft:killed_by":{"minecraft:player":1},"minecraft:killed":{"minecraft:pig":6,"minecraft:sheep":4,"minecraft:skeleton":2,"minecraft:pillager":2,"alexsmobs:moose":1},"minecraft:custom":{"minecraft:interact_with_furnace":3,"minecraft:mob_kills":15,"tombstone:raider_killed":2,"minecraft:interact_with_crafting_table":5,"minecraft:open_barrel":3,"minecraft:bell_ring":1,"minecraft:interact_with_stonecutter":1,"minecraft:leave_game":1,"minecraft:time_since_death":59450,"minecraft:sleep_in_bed":3,"minecraft:climb_one_cm":14959,"minecraft:time_since_rest":12594,"minecraft:sprint_one_cm":218431,"minecraft:damage_taken":1151,"minecraft:walk_one_cm":85519,"minecraft:drop":28,"minecraft:damage_dealt":2540,"minecraft:damage_dealt_absorbed":40,"minecraft:swim_one_cm":21100,"minecraft:fly_one_cm":456669,"minecraft:open_chest":21,"minecraft:crouch_one_cm":8396,"minecraft:play_time":75527,"tombstone:undead_killed":2,"minecraft:deaths":1,"minecraft:sneak_time":3192,"minecraft:walk_under_water_one_cm":5343,"minecraft:jump":1746,"minecraft:walk_on_water_one_cm":9270,"minecraft:total_world_time":75527,"minecraft:fall_one_cm":51674}},"DataVersion":3465}