{"stats":{"minecraft:dropped":{"minecraft:wheat_seeds":1,"alexsmobs:animal_dictionary":2,"minecraft:item_frame":3,"minecraft:wooden_pickaxe":1,"minecraft:spruce_sapling":2},"minecraft:used":{"minecraft:cooked_mutton":2,"minecraft:snow_block":1,"minecraft:stone_pickaxe":19,"minecraft:baked_potato":4,"minecraft:spruce_planks":6,"minecraft:wooden_pickaxe":3,"minecraft:blue_bed":2,"minecraft:torch":1,"minecraft:crafting_table":1,"minecraft:stripped_spruce_log":1,"minecraft:dark_oak_planks":1,"minecraft:apple":1,"minecraft:stone_axe":66,"minecraft:potato":64},"minecraft:mined":{"minecraft:dark_oak_planks":1,"minecraft:glass_pane":1,"minecraft:crafting_table":1,"minecraft:torch":1,"minecraft:grass_block":1,"minecraft:spruce_leaves":6,"minecraft:blue_bed":5,"minecraft:carrots":5,"minecraft:wheat":6,"minecraft:spruce_log":14,"minecraft:stripped_spruce_log":1,"minecraft:pumpkin":4,"biomesoplenty:fir_log":40,"minecraft:grass":2,"minecraft:potatoes":17,"minecraft:stone":22,"minecraft:fern":1},"minecraft:picked_up":{"minecraft:crafting_table":1,"minecraft:wheat":6,"minecraft:potato":20,"biomesoplenty:fir_log":38,"minecraft:blue_bed":4,"minecraft:dirt":1,"minecraft:lantern":1,"minecraft:cooked_mutton":2,"minecraft:item_frame":3,"minecraft:apple":1,"minecraft:wheat_seeds":15,"minecraft:pumpkin":3,"minecraft:torch":1,"minecraft:stripped_spruce_log":1,"minecraft:spruce_sapling":2,"minecraft:spruce_log":14,"minecraft:carrot":8,"alexsmobs:animal_dictionary":2,"minecraft:dark_oak_planks":1,"minecraft:bread":1,"minecraft:gold_ingot":1,"alexsmobs:moose_ribs":3,"minecraft:emerald":1,"minecraft:cobblestone":22},"minecraft:killed":{"minecraft:pillager":2,"alexsmobs:moose":1},"minecraft:crafted":{"minecraft:crafting_table":1,"minecraft:spruce_planks":56,"minecraft:baked_potato":6,"minecraft:wooden_pickaxe":1,"minecraft:stone_axe":1,"minecraft:air":0,"minecraft:stick":16,"minecraft:stone_pickaxe":1,"minecraft:torch":16},"minecraft:killed_by":{"minecraft:player":1},"minecraft:custom":{"minecraft:interact_with_furnace":3,"minecraft:mob_kills":3,"tombstone:raider_killed":2,"minecraft:interact_with_crafting_table":4,"minecraft:leave_game":1,"minecraft:time_since_death":35450,"minecraft:sleep_in_bed":2,"minecraft:time_since_rest":4576,"minecraft:sprint_one_cm":104799,"minecraft:damage_taken":870,"minecraft:walk_one_cm":47671,"minecraft:drop":9,"minecraft:damage_dealt":1180,"minecraft:swim_one_cm":8527,"minecraft:fly_one_cm":291849,"minecraft:open_chest":7,"minecraft:crouch_one_cm":7769,"minecraft:play_time":51527,"minecraft:deaths":1,"minecraft:sneak_time":2722,"minecraft:walk_under_water_one_cm":4471,"minecraft:jump":1150,"minecraft:walk_on_water_one_cm":6609,"minecraft:total_world_time":51527,"minecraft:fall_one_cm":33431}},"DataVersion":3465}