{"stats":{"minecraft:dropped":{"minecraft:iron_ingot":1,"minecraft:wheat_seeds":31,"minecraft:baked_potato":1,"alexsmobs:animal_dictionary":2,"minecraft:cobblestone":16,"minecraft:lantern":1,"minecraft:item_frame":3,"minecraft:dirt":1,"minecraft:arrow":2,"minecraft:wooden_pickaxe":1,"minecraft:spruce_sapling":2},"minecraft:used":{"minecraft:cooked_mutton":2,"minecraft:snow_block":1,"minecraft:stone_pickaxe":19,"minecraft:baked_potato":5,"minecraft:spruce_planks":6,"minecraft:wooden_pickaxe":3,"minecraft:blue_bed":3,"minecraft:torch":10,"minecraft:dirt":4,"minecraft:crafting_table":1,"minecraft:stripped_spruce_log":1,"minecraft:dark_oak_planks":1,"minecraft:apple":1,"minecraft:bread":3,"minecraft:stone_axe":93,"minecraft:cobblestone":9,"minecraft:potato":64},"minecraft:mined":{"minecraft:dark_oak_planks":1,"minecraft:podzol":2,"minecraft:glass_pane":1,"minecraft:crafting_table":1,"minecraft:torch":1,"minecraft:grass_block":1,"minecraft:spruce_leaves":6,"biomesoplenty:huge_clover_petal":1,"minecraft:blue_bed":6,"minecraft:carrots":5,"minecraft:wheat":6,"minecraft:spruce_log":14,"minecraft:stripped_spruce_log":1,"minecraft:pumpkin":4,"biomesoplenty:fir_log":40,"minecraft:grass":4,"minecraft:potatoes":17,"minecraft:dirt":9,"minecraft:stone":22,"minecraft:fern":2},"minecraft:picked_up":{"minecraft:crafting_table":1,"minecraft:wheat":6,"minecraft:potato":20,"biomesoplenty:fir_log":38,"minecraft:blue_bed":5,"minecraft:dirt":12,"minecraft:lantern":1,"minecraft:leather_boots":1,"minecraft:cooked_mutton":2,"minecraft:item_frame":3,"minecraft:bone":4,"minecraft:apple":1,"minecraft:wheat_seeds":31,"minecraft:pumpkin":3,"minecraft:torch":1,"sophisticatedbackpacks:backpack":1,"minecraft:porkchop":12,"minecraft:stripped_spruce_log":1,"minecraft:spruce_sapling":2,"minecraft:spruce_log":14,"minecraft:carrot":8,"alexsmobs:animal_dictionary":2,"minecraft:dark_oak_planks":1,"minecraft:arrow":2,"minecraft:bread":1,"minecraft:gold_ingot":1,"alexsmobs:moose_ribs":3,"minecraft:emerald":1,"minecraft:mutton":4,"minecraft:white_wool":4,"minecraft:cobblestone":38},"minecraft:crafted":{"minecraft:crafting_table":1,"minecraft:spruce_planks":56,"minecraft:baked_potato":6,"minecraft:wooden_pickaxe":1,"minecraft:stone_axe":1,"minecraft:air":0,"biomesoplenty:fir_planks":152,"minecraft:stick":16,"minecraft:stone_pickaxe":1,"minecraft:torch":16},"minecraft:killed_by":{"minecraft:player":1},"minecraft:killed":{"minecraft:pig":6,"minecraft:sheep":4,"minecraft:skeleton":2,"minecraft:pillager":2,"alexsmobs:moose":1},"minecraft:custom":{"minecraft:interact_with_furnace":3,"minecraft:mob_kills":15,"tombstone:raider_killed":2,"minecraft:interact_with_crafting_table":4,"minecraft:open_barrel":2,"minecraft:leave_game":1,"minecraft:time_since_death":47450,"minecraft:sleep_in_bed":3,"minecraft:climb_one_cm":13875,"minecraft:time_since_rest":594,"minecraft:sprint_one_cm":151736,"minecraft:damage_taken":1083,"minecraft:walk_one_cm":62224,"minecraft:drop":17,"minecraft:damage_dealt":2540,"minecraft:damage_dealt_absorbed":40,"minecraft:swim_one_cm":12919,"minecraft:fly_one_cm":354304,"minecraft:open_chest":7,"minecraft:crouch_one_cm":8306,"minecraft:play_time":63527,"tombstone:undead_killed":2,"minecraft:deaths":1,"minecraft:sneak_time":2959,"minecraft:walk_under_water_one_cm":4761,"minecraft:jump":1393,"minecraft:walk_on_water_one_cm":8178,"minecraft:total_world_time":63527,"minecraft:fall_one_cm":41211}},"DataVersion":3465}