{"stats":{"minecraft:dropped":{"minecraft:wheat_seeds":1,"alexsmobs:animal_dictionary":2,"minecraft:spruce_sapling":2,"minecraft:item_frame":3},"minecraft:used":{"minecraft:dark_oak_planks":1,"minecraft:apple":1,"minecraft:blue_bed":1,"minecraft:potato":29},"minecraft:mined":{"minecraft:dark_oak_planks":1,"minecraft:glass_pane":1,"minecraft:carrots":5,"minecraft:wheat":6,"minecraft:spruce_log":6,"minecraft:stripped_spruce_log":1,"minecraft:grass":2,"minecraft:potatoes":17,"minecraft:spruce_leaves":2,"minecraft:blue_bed":4},"minecraft:picked_up":{"minecraft:wheat":6,"minecraft:potato":20,"minecraft:stripped_spruce_log":1,"minecraft:spruce_sapling":2,"minecraft:spruce_log":6,"minecraft:carrot":8,"alexsmobs:animal_dictionary":2,"minecraft:blue_bed":3,"minecraft:lantern":1,"minecraft:dark_oak_planks":1,"minecraft:item_frame":3,"minecraft:cooked_mutton":2,"minecraft:apple":1,"minecraft:wheat_seeds":14,"minecraft:gold_ingot":1,"minecraft:bread":1,"minecraft:emerald":1},"minecraft:crafted":{"minecraft:stick":8,"minecraft:spruce_planks":24,"minecraft:torch":16},"minecraft:killed_by":{"minecraft:player":1},"minecraft:custom":{"minecraft:time_since_rest":4677,"minecraft:interact_with_furnace":2,"minecraft:sprint_one_cm":51926,"minecraft:damage_taken":433,"minecraft:walk_one_cm":32257,"minecraft:drop":8,"minecraft:damage_dealt":46,"minecraft:interact_with_crafting_table":1,"minecraft:fly_one_cm":125898,"minecraft:open_chest":6,"minecraft:crouch_one_cm":3285,"minecraft:play_time":21923,"minecraft:deaths":1,"minecraft:sneak_time":945,"minecraft:walk_under_water_one_cm":567,"minecraft:jump":443,"minecraft:time_since_death":5846,"minecraft:walk_on_water_one_cm":448,"minecraft:sleep_in_bed":1,"minecraft:total_world_time":21923,"minecraft:fall_one_cm":11213}},"DataVersion":3465}