{"stats":{"minecraft:dropped":{"minecraft:wheat_seeds":1,"alexsmobs:animal_dictionary":2,"minecraft:wooden_pickaxe":1,"minecraft:spruce_sapling":2,"minecraft:item_frame":3},"minecraft:used":{"minecraft:cooked_mutton":1,"minecraft:dark_oak_planks":1,"minecraft:apple":1,"minecraft:snow_block":1,"minecraft:stone_pickaxe":19,"minecraft:baked_potato":2,"minecraft:spruce_planks":6,"minecraft:wooden_pickaxe":3,"minecraft:blue_bed":1,"minecraft:stone_axe":11,"minecraft:torch":1,"minecraft:crafting_table":1,"minecraft:potato":49,"minecraft:stripped_spruce_log":1},"minecraft:mined":{"minecraft:dark_oak_planks":1,"minecraft:glass_pane":1,"minecraft:carrots":5,"minecraft:wheat":6,"minecraft:spruce_log":14,"minecraft:stripped_spruce_log":1,"minecraft:crafting_table":1,"minecraft:torch":1,"minecraft:grass":2,"minecraft:potatoes":17,"minecraft:stone":22,"minecraft:spruce_leaves":6,"minecraft:blue_bed":4},"minecraft:picked_up":{"minecraft:crafting_table":1,"minecraft:wheat":6,"minecraft:torch":1,"minecraft:potato":20,"minecraft:stripped_spruce_log":1,"minecraft:spruce_sapling":2,"minecraft:carrot":8,"minecraft:spruce_log":14,"minecraft:blue_bed":3,"alexsmobs:animal_dictionary":2,"minecraft:lantern":1,"minecraft:dark_oak_planks":1,"minecraft:item_frame":3,"minecraft:cooked_mutton":2,"minecraft:apple":1,"minecraft:wheat_seeds":14,"alexsmobs:moose_ribs":3,"minecraft:emerald":1,"minecraft:gold_ingot":1,"minecraft:bread":1,"minecraft:cobblestone":22},"minecraft:killed":{"alexsmobs:moose":1},"minecraft:crafted":{"minecraft:crafting_table":1,"minecraft:spruce_planks":24,"minecraft:stick":16,"minecraft:stone_pickaxe":1,"minecraft:wooden_pickaxe":1,"minecraft:baked_potato":6,"minecraft:torch":16,"minecraft:stone_axe":1,"minecraft:air":0},"minecraft:killed_by":{"minecraft:player":1},"minecraft:custom":{"minecraft:time_since_rest":22281,"minecraft:interact_with_furnace":3,"minecraft:sprint_one_cm":74732,"minecraft:damage_taken":675,"minecraft:walk_one_cm":38959,"minecraft:mob_kills":1,"minecraft:drop":9,"minecraft:damage_dealt":595,"minecraft:interact_with_crafting_table":4,"minecraft:fly_one_cm":195233,"minecraft:open_chest":6,"minecraft:play_time":39527,"minecraft:crouch_one_cm":5227,"minecraft:deaths":1,"minecraft:sneak_time":1671,"minecraft:walk_under_water_one_cm":567,"minecraft:jump":740,"minecraft:leave_game":1,"minecraft:time_since_death":23450,"minecraft:walk_on_water_one_cm":448,"minecraft:sleep_in_bed":1,"minecraft:total_world_time":39527,"minecraft:fall_one_cm":22742}},"DataVersion":3465}