{"stats":{"minecraft:used":{"minecraft:cooked_mutton":4,"minecraft:stone_sword":47,"minecraft:stone_pickaxe":44,"minecraft:spruce_planks":4,"minecraft:wooden_pickaxe":8,"minecraft:mutton":2,"minecraft:crafting_table":5,"minecraft:white_bed":3,"minecraft:wooden_axe":20,"minecraft:stone_axe":33,"minecraft:wooden_sword":25,"minecraft:cobblestone":6,"minecraft:porkchop":1,"minecraft:furnace":2,"minecraft:cooked_porkchop":4,"tombstone:gift":3,"alexsmobs:animal_dictionary":1},"minecraft:crafted":{"minecraft:wooden_sword":1,"minecraft:cooked_porkchop":4,"minecraft:crafting_table":1,"minecraft:spruce_planks":24,"minecraft:wooden_pickaxe":1,"minecraft:furnace":1,"minecraft:stone_axe":1,"minecraft:cooked_mutton":5,"minecraft:air":0,"biomesoplenty:fir_planks":12,"minecraft:stick":32,"minecraft:stone_pickaxe":1,"minecraft:wooden_axe":1,"minecraft:stone_sword":1,"minecraft:white_bed":1},"minecraft:killed_by":{"minecraft:cave_spider":2,"minecraft:skeleton":1,"minecraft:spider":1},"minecraft:mined":{"minecraft:white_bed":3,"minecraft:crafting_table":5,"minecraft:copper_ore":2,"minecraft:spruce_leaves":5,"minecraft:furnace":2,"biomesoplenty:toadstool":1,"minecraft:spruce_log":9,"biomesoplenty:fir_log":17,"minecraft:grass":2,"minecraft:coal_ore":23,"minecraft:gravel":2,"minecraft:stone":22},"minecraft:killed":{"minecraft:cave_spider":2,"minecraft:pig":4,"minecraft:rabbit":1,"minecraft:spider":2,"minecraft:sheep":5,"minecraft:zombie":1,"alexsmobs:comb_jelly":1},"minecraft:custom":{"minecraft:interact_with_furnace":8,"minecraft:mob_kills":16,"minecraft:interact_with_crafting_table":6,"minecraft:leave_game":1,"minecraft:time_since_death":5089,"minecraft:sleep_in_bed":2,"minecraft:time_since_rest":4597,"minecraft:sprint_one_cm":139526,"minecraft:damage_taken":1520,"minecraft:walk_one_cm":84006,"minecraft:drop":3,"minecraft:damage_dealt":2126,"minecraft:swim_one_cm":7152,"minecraft:fly_one_cm":493435,"minecraft:crouch_one_cm":18,"minecraft:play_time":34556,"tombstone:undead_killed":1,"minecraft:deaths":4,"minecraft:sneak_time":54,"minecraft:walk_under_water_one_cm":3048,"minecraft:jump":1406,"minecraft:walk_on_water_one_cm":1014,"minecraft:total_world_time":34556,"minecraft:fall_one_cm":29884},"minecraft:picked_up":{"minecraft:crafting_table":5,"biomesoplenty:fir_log":15,"minecraft:flint":1,"minecraft:string":2,"minecraft:raw_copper":7,"minecraft:rabbit_hide":1,"minecraft:rabbit":1,"minecraft:light_gray_wool":1,"minecraft:furnace":2,"biomesoplenty:toadstool":1,"minecraft:gravel":1,"minecraft:porkchop":12,"minecraft:white_bed":3,"minecraft:spruce_log":9,"minecraft:spider_eye":1,"minecraft:rotten_flesh":2,"alexsmobs:rainbow_jelly":1,"minecraft:mutton":8,"minecraft:coal":44,"minecraft:snowball":16,"minecraft:white_wool":4,"minecraft:cobblestone":22},"minecraft:dropped":{"minecraft:spruce_log":3}},"DataVersion":3465}