{"stats":{"minecraft:dropped":{"minecraft:stone_axe":1,"minecraft:cobbled_deepslate":1,"minecraft:raw_copper":1,"minecraft:bundle":1,"minecraft:diamond_pickaxe":1,"minecraft:iron_leggings":1,"minecraft:spider_eye":2,"minecraft:spruce_log":3,"minecraft:arrow":2,"minecraft:lily_pad":1},"minecraft:used":{"minecraft:cooked_mutton":5,"minecraft:stone_sword":86,"minecraft:stone_pickaxe":61,"minecraft:spruce_planks":5,"minecraft:wooden_pickaxe":8,"biomesoplenty:fir_planks":29,"biomesoplenty:fir_boat":1,"minecraft:diamond_axe":17,"minecraft:rotten_flesh":5,"minecraft:torch":41,"minecraft:sand":14,"minecraft:mutton":2,"minecraft:crafting_table":12,"minecraft:diamond_helmet":11,"minecraft:white_bed":12,"minecraft:wooden_axe":20,"minecraft:diamond_pickaxe":46,"minecraft:iron_pickaxe":195,"minecraft:iron_helmet":11,"create:asurine":1,"minecraft:diamond_sword":56,"minecraft:stone_axe":54,"minecraft:wooden_sword":25,"minecraft:beef":4,"minecraft:cobblestone":62,"minecraft:furnace":5,"minecraft:porkchop":2,"minecraft:cooked_porkchop":7,"minecraft:andesite":19,"tombstone:gift":3,"alexsmobs:animal_dictionary":1,"minecraft:cobbled_deepslate":66},"minecraft:mined":{"minecraft:tuff":25,"minecraft:white_bed":11,"minecraft:deepslate_diamond_ore":32,"minecraft:crafting_table":12,"minecraft:torch":3,"minecraft:emerald_ore":1,"minecraft:copper_ore":2,"minecraft:cobblestone":5,"minecraft:spruce_leaves":11,"minecraft:wall_torch":4,"minecraft:furnace":5,"biomesoplenty:toadstool":1,"minecraft:iron_ore":22,"minecraft:cobbled_deepslate":2,"minecraft:spruce_log":9,"minecraft:andesite":19,"create:asurine":1,"biomesoplenty:fir_log":17,"minecraft:grass":4,"minecraft:coal_ore":37,"minecraft:gravel":2,"minecraft:stone":74,"minecraft:fern":6,"minecraft:deepslate":65},"minecraft:picked_up":{"minecraft:crafting_table":12,"minecraft:andesite":19,"biomesoplenty:fir_log":15,"minecraft:flint":1,"minecraft:tuff":25,"minecraft:lily_pad":1,"minecraft:string":2,"minecraft:raw_copper":8,"minecraft:iron_leggings":1,"minecraft:bone":1,"minecraft:cobbled_deepslate":66,"minecraft:rabbit_hide":1,"minecraft:beef":4,"minecraft:light_gray_wool":1,"minecraft:rabbit":1,"alexsmobs:raccoon_tail":1,"minecraft:furnace":4,"biomesoplenty:toadstool":1,"minecraft:raw_iron":22,"minecraft:torch":7,"minecraft:gravel":1,"minecraft:porkchop":14,"minecraft:bundle":2,"minecraft:white_bed":12,"minecraft:spruce_log":9,"minecraft:spider_eye":2,"minecraft:arrow":3,"minecraft:rotten_flesh":5,"minecraft:diamond":32,"alexsmobs:rainbow_jelly":1,"create:asurine":1,"minecraft:emerald":1,"minecraft:mutton":8,"minecraft:coal":57,"minecraft:snowball":16,"minecraft:white_wool":4,"minecraft:cobblestone":78,"minecraft:diamond_pickaxe":1},"minecraft:killed_by":{"minecraft:cave_spider":2,"minecraft:skeleton":2,"minecraft:creeper":1,"minecraft:spider":1,"minecraft:zombie":1,"minecraft:enderman":1},"minecraft:killed":{"minecraft:cave_spider":2,"minecraft:pig":6,"alexsmobs:raccoon":1,"minecraft:rabbit":1,"minecraft:spider":3,"alexsmobs:seagull":1,"minecraft:skeleton":1,"minecraft:sheep":5,"minecraft:zombie":5,"alexsmobs:comb_jelly":1,"minecraft:enderman":1,"minecraft:cow":2},"minecraft:crafted":{"minecraft:wooden_sword":1,"minecraft:diamond_sword":1,"biomesoplenty:fir_boat":1,"minecraft:cooked_porkchop":7,"minecraft:diamond_axe":1,"minecraft:crafting_table":1,"minecraft:spruce_planks":24,"minecraft:wooden_pickaxe":1,"minecraft:iron_helmet":1,"minecraft:furnace":1,"minecraft:stone_axe":1,"minecraft:cooked_mutton":6,"minecraft:air":0,"biomesoplenty:fir_planks":60,"minecraft:diamond_helmet":1,"minecraft:diamond_leggings":1,"minecraft:diamond_pickaxe":1,"minecraft:shield":1,"minecraft:stick":32,"minecraft:iron_ingot":22,"minecraft:iron_pickaxe":1,"minecraft:stone_pickaxe":1,"minecraft:wooden_axe":1,"minecraft:diamond_boots":1,"minecraft:stone_sword":1,"minecraft:iron_leggings":1,"minecraft:white_bed":1,"minecraft:torch":48,"minecraft:diamond_chestplate":1},"minecraft:custom":{"minecraft:interact_with_furnace":21,"minecraft:mob_kills":29,"minecraft:interact_with_crafting_table":19,"minecraft:leave_game":3,"minecraft:time_since_death":7694,"minecraft:sleep_in_bed":10,"minecraft:time_since_rest":4576,"minecraft:sprint_one_cm":254861,"minecraft:damage_taken":3206,"minecraft:walk_one_cm":322347,"minecraft:drop":14,"minecraft:damage_dealt":4548,"minecraft:open_chest":3,"minecraft:swim_one_cm":9285,"minecraft:fly_one_cm":797969,"minecraft:crouch_one_cm":2783,"minecraft:play_time":103688,"tombstone:undead_killed":6,"minecraft:deaths":9,"minecraft:sneak_time":877,"minecraft:walk_under_water_one_cm":4286,"minecraft:boat_one_cm":82125,"minecraft:jump":3096,"minecraft:walk_on_water_one_cm":1958,"minecraft:total_world_time":103688,"minecraft:fall_one_cm":88858}},"DataVersion":3465}