{"stats":{"minecraft:dropped":{"minecraft:spruce_log":3},"minecraft:used":{"minecraft:cooked_mutton":4,"minecraft:stone_sword":67,"minecraft:stone_pickaxe":61,"minecraft:spruce_planks":4,"minecraft:wooden_pickaxe":8,"biomesoplenty:fir_planks":13,"minecraft:torch":12,"minecraft:sand":14,"minecraft:mutton":2,"minecraft:crafting_table":6,"minecraft:white_bed":5,"minecraft:wooden_axe":20,"minecraft:stone_axe":33,"minecraft:wooden_sword":25,"minecraft:cobblestone":6,"minecraft:furnace":4,"minecraft:cooked_porkchop":7,"minecraft:porkchop":1,"tombstone:gift":3,"alexsmobs:animal_dictionary":1},"minecraft:mined":{"minecraft:white_bed":4,"minecraft:crafting_table":5,"minecraft:torch":2,"minecraft:copper_ore":2,"minecraft:cobblestone":5,"minecraft:spruce_leaves":5,"minecraft:furnace":3,"biomesoplenty:toadstool":1,"minecraft:iron_ore":5,"minecraft:spruce_log":9,"biomesoplenty:fir_log":17,"minecraft:grass":2,"minecraft:coal_ore":26,"minecraft:gravel":2,"minecraft:stone":23},"minecraft:picked_up":{"minecraft:crafting_table":5,"biomesoplenty:fir_log":15,"minecraft:flint":1,"minecraft:string":2,"minecraft:raw_copper":7,"minecraft:rabbit_hide":1,"minecraft:light_gray_wool":1,"minecraft:rabbit":1,"minecraft:furnace":3,"biomesoplenty:toadstool":1,"minecraft:raw_iron":5,"minecraft:torch":2,"minecraft:gravel":1,"minecraft:porkchop":12,"minecraft:white_bed":5,"minecraft:spruce_log":9,"minecraft:spider_eye":1,"minecraft:rotten_flesh":4,"alexsmobs:rainbow_jelly":1,"minecraft:mutton":8,"minecraft:coal":46,"minecraft:snowball":16,"minecraft:white_wool":4,"minecraft:cobblestone":28},"minecraft:killed_by":{"minecraft:cave_spider":2,"minecraft:skeleton":1,"minecraft:creeper":1,"minecraft:spider":1},"minecraft:killed":{"minecraft:cave_spider":2,"minecraft:pig":4,"minecraft:rabbit":1,"minecraft:spider":2,"minecraft:sheep":5,"minecraft:zombie":2,"alexsmobs:comb_jelly":1},"minecraft:crafted":{"minecraft:wooden_sword":1,"minecraft:cooked_porkchop":7,"minecraft:crafting_table":1,"minecraft:spruce_planks":24,"minecraft:wooden_pickaxe":1,"minecraft:furnace":1,"minecraft:stone_axe":1,"minecraft:cooked_mutton":5,"minecraft:air":0,"biomesoplenty:fir_planks":60,"minecraft:stick":32,"minecraft:iron_ingot":2,"minecraft:stone_pickaxe":1,"minecraft:wooden_axe":1,"minecraft:stone_sword":1,"minecraft:white_bed":1,"minecraft:torch":48},"minecraft:custom":{"minecraft:interact_with_furnace":13,"minecraft:mob_kills":17,"minecraft:interact_with_crafting_table":6,"minecraft:leave_game":2,"minecraft:time_since_death":6376,"minecraft:sleep_in_bed":5,"minecraft:time_since_rest":1910,"minecraft:sprint_one_cm":175789,"minecraft:damage_taken":2040,"minecraft:walk_one_cm":108178,"minecraft:drop":3,"minecraft:damage_dealt":2410,"minecraft:swim_one_cm":9285,"minecraft:fly_one_cm":603692,"minecraft:crouch_one_cm":218,"minecraft:play_time":48806,"tombstone:undead_killed":2,"minecraft:deaths":5,"minecraft:sneak_time":127,"minecraft:walk_under_water_one_cm":4286,"minecraft:jump":1895,"minecraft:walk_on_water_one_cm":1092,"minecraft:total_world_time":48806,"minecraft:fall_one_cm":45200}},"DataVersion":3465}