{"stats":{"minecraft:dropped":{"minecraft:stone_axe":1,"minecraft:diamond_pickaxe":1,"minecraft:spruce_log":3,"minecraft:arrow":2},"minecraft:used":{"minecraft:cooked_mutton":5,"minecraft:stone_sword":86,"minecraft:stone_pickaxe":61,"minecraft:spruce_planks":5,"minecraft:wooden_pickaxe":8,"biomesoplenty:fir_planks":29,"minecraft:diamond_axe":1,"minecraft:rotten_flesh":4,"minecraft:torch":41,"minecraft:sand":14,"minecraft:mutton":2,"minecraft:crafting_table":8,"minecraft:white_bed":9,"minecraft:wooden_axe":20,"minecraft:diamond_pickaxe":32,"minecraft:iron_pickaxe":192,"minecraft:diamond_sword":1,"minecraft:stone_axe":54,"minecraft:wooden_sword":25,"minecraft:cobblestone":54,"minecraft:furnace":5,"minecraft:porkchop":1,"minecraft:cooked_porkchop":7,"minecraft:andesite":19,"tombstone:gift":3,"alexsmobs:animal_dictionary":1,"minecraft:cobbled_deepslate":56},"minecraft:mined":{"minecraft:tuff":25,"minecraft:white_bed":7,"minecraft:deepslate_diamond_ore":32,"minecraft:crafting_table":8,"minecraft:torch":3,"minecraft:emerald_ore":1,"minecraft:copper_ore":2,"minecraft:cobblestone":5,"minecraft:spruce_leaves":5,"minecraft:wall_torch":4,"minecraft:furnace":5,"biomesoplenty:toadstool":1,"minecraft:iron_ore":22,"minecraft:cobbled_deepslate":2,"minecraft:spruce_log":9,"minecraft:andesite":19,"biomesoplenty:fir_log":17,"minecraft:grass":2,"minecraft:coal_ore":37,"minecraft:gravel":2,"minecraft:stone":66,"minecraft:deepslate":65},"minecraft:picked_up":{"minecraft:crafting_table":8,"minecraft:andesite":19,"biomesoplenty:fir_log":15,"minecraft:flint":1,"minecraft:tuff":25,"minecraft:string":2,"minecraft:raw_copper":7,"minecraft:cobbled_deepslate":66,"minecraft:rabbit_hide":1,"minecraft:light_gray_wool":1,"minecraft:rabbit":1,"minecraft:furnace":4,"biomesoplenty:toadstool":1,"minecraft:raw_iron":22,"minecraft:torch":7,"minecraft:gravel":1,"minecraft:porkchop":12,"minecraft:white_bed":8,"minecraft:spruce_log":9,"minecraft:spider_eye":1,"minecraft:arrow":2,"minecraft:rotten_flesh":5,"minecraft:diamond":32,"alexsmobs:rainbow_jelly":1,"minecraft:emerald":1,"minecraft:mutton":8,"minecraft:coal":57,"minecraft:snowball":16,"minecraft:white_wool":4,"minecraft:cobblestone":70,"minecraft:diamond_pickaxe":1},"minecraft:killed_by":{"minecraft:cave_spider":2,"minecraft:skeleton":2,"minecraft:creeper":1,"minecraft:spider":1,"minecraft:zombie":1},"minecraft:killed":{"minecraft:cave_spider":2,"minecraft:pig":4,"minecraft:rabbit":1,"minecraft:spider":3,"minecraft:sheep":5,"minecraft:zombie":4,"alexsmobs:comb_jelly":1},"minecraft:crafted":{"minecraft:wooden_sword":1,"minecraft:diamond_sword":1,"minecraft:cooked_porkchop":7,"minecraft:diamond_axe":1,"minecraft:crafting_table":1,"minecraft:spruce_planks":24,"minecraft:wooden_pickaxe":1,"minecraft:iron_helmet":1,"minecraft:furnace":1,"minecraft:stone_axe":1,"minecraft:cooked_mutton":6,"minecraft:air":0,"biomesoplenty:fir_planks":60,"minecraft:diamond_helmet":1,"minecraft:diamond_leggings":1,"minecraft:diamond_pickaxe":1,"minecraft:stick":32,"minecraft:iron_ingot":22,"minecraft:iron_pickaxe":1,"minecraft:stone_pickaxe":1,"minecraft:wooden_axe":1,"minecraft:diamond_boots":1,"minecraft:stone_sword":1,"minecraft:iron_leggings":1,"minecraft:white_bed":1,"minecraft:torch":48,"minecraft:diamond_chestplate":1},"minecraft:custom":{"minecraft:interact_with_furnace":21,"minecraft:mob_kills":20,"minecraft:interact_with_crafting_table":13,"minecraft:leave_game":3,"minecraft:time_since_death":16684,"minecraft:sleep_in_bed":7,"minecraft:time_since_rest":0,"minecraft:sprint_one_cm":221368,"minecraft:damage_taken":2890,"minecraft:walk_one_cm":180274,"minecraft:drop":7,"minecraft:damage_dealt":3004,"minecraft:swim_one_cm":9285,"minecraft:fly_one_cm":682399,"minecraft:crouch_one_cm":2783,"minecraft:play_time":79688,"tombstone:undead_killed":4,"minecraft:deaths":8,"minecraft:sneak_time":874,"minecraft:walk_under_water_one_cm":4286,"minecraft:jump":2546,"minecraft:walk_on_water_one_cm":1958,"minecraft:total_world_time":79688,"minecraft:fall_one_cm":70773}},"DataVersion":3465}