{"stats":{"minecraft:dropped":{"minecraft:spruce_log":3},"minecraft:used":{"minecraft:cooked_mutton":5,"minecraft:stone_sword":83,"minecraft:stone_pickaxe":61,"minecraft:spruce_planks":5,"minecraft:wooden_pickaxe":8,"biomesoplenty:fir_planks":29,"minecraft:rotten_flesh":4,"minecraft:torch":25,"minecraft:sand":14,"minecraft:mutton":2,"minecraft:crafting_table":6,"minecraft:white_bed":8,"minecraft:wooden_axe":20,"minecraft:iron_pickaxe":116,"minecraft:stone_axe":34,"minecraft:wooden_sword":25,"minecraft:cobblestone":6,"minecraft:furnace":4,"minecraft:cooked_porkchop":7,"minecraft:porkchop":1,"minecraft:andesite":19,"tombstone:gift":3,"alexsmobs:animal_dictionary":1,"minecraft:cobbled_deepslate":12},"minecraft:mined":{"minecraft:tuff":5,"minecraft:white_bed":6,"minecraft:deepslate_diamond_ore":5,"minecraft:crafting_table":6,"minecraft:torch":3,"minecraft:emerald_ore":1,"minecraft:copper_ore":2,"minecraft:cobblestone":5,"minecraft:spruce_leaves":5,"minecraft:wall_torch":2,"minecraft:furnace":4,"biomesoplenty:toadstool":1,"minecraft:iron_ore":13,"minecraft:spruce_log":9,"minecraft:andesite":19,"biomesoplenty:fir_log":17,"minecraft:grass":2,"minecraft:coal_ore":37,"minecraft:gravel":2,"minecraft:stone":64,"minecraft:deepslate":20},"minecraft:picked_up":{"minecraft:crafting_table":6,"minecraft:andesite":19,"biomesoplenty:fir_log":15,"minecraft:flint":1,"minecraft:tuff":5,"minecraft:string":2,"minecraft:raw_copper":7,"minecraft:cobbled_deepslate":19,"minecraft:rabbit_hide":1,"minecraft:light_gray_wool":1,"minecraft:rabbit":1,"minecraft:furnace":4,"biomesoplenty:toadstool":1,"minecraft:raw_iron":13,"minecraft:torch":5,"minecraft:gravel":1,"minecraft:porkchop":12,"minecraft:white_bed":7,"minecraft:spruce_log":9,"minecraft:spider_eye":1,"minecraft:rotten_flesh":4,"minecraft:diamond":5,"alexsmobs:rainbow_jelly":1,"minecraft:emerald":1,"minecraft:mutton":8,"minecraft:coal":57,"minecraft:snowball":16,"minecraft:white_wool":4,"minecraft:cobblestone":69},"minecraft:killed_by":{"minecraft:cave_spider":2,"minecraft:skeleton":2,"minecraft:creeper":1,"minecraft:spider":1},"minecraft:killed":{"minecraft:cave_spider":2,"minecraft:pig":4,"minecraft:rabbit":1,"minecraft:spider":3,"minecraft:sheep":5,"minecraft:zombie":2,"alexsmobs:comb_jelly":1},"minecraft:crafted":{"minecraft:wooden_sword":1,"minecraft:cooked_porkchop":7,"minecraft:crafting_table":1,"minecraft:spruce_planks":24,"minecraft:wooden_pickaxe":1,"minecraft:furnace":1,"minecraft:stone_axe":1,"minecraft:cooked_mutton":6,"minecraft:air":0,"biomesoplenty:fir_planks":60,"minecraft:stick":32,"minecraft:iron_ingot":5,"minecraft:iron_pickaxe":1,"minecraft:stone_pickaxe":1,"minecraft:wooden_axe":1,"minecraft:stone_sword":1,"minecraft:white_bed":1,"minecraft:torch":48},"minecraft:custom":{"minecraft:interact_with_furnace":18,"minecraft:mob_kills":18,"minecraft:interact_with_crafting_table":8,"minecraft:leave_game":3,"minecraft:time_since_death":1955,"minecraft:sleep_in_bed":6,"minecraft:time_since_rest":1473,"minecraft:sprint_one_cm":206467,"minecraft:damage_taken":2740,"minecraft:walk_one_cm":143550,"minecraft:drop":3,"minecraft:damage_dealt":2585,"minecraft:swim_one_cm":9285,"minecraft:fly_one_cm":667755,"minecraft:crouch_one_cm":1142,"minecraft:play_time":62273,"tombstone:undead_killed":2,"minecraft:deaths":7,"minecraft:sneak_time":403,"minecraft:walk_under_water_one_cm":4286,"minecraft:jump":2280,"minecraft:walk_on_water_one_cm":1958,"minecraft:total_world_time":62273,"minecraft:fall_one_cm":66462}},"DataVersion":3465}