{"stats":{"minecraft:dropped":{"minecraft:lantern":2,"minecraft:iron_leggings":1,"minecraft:sand":4,"alexsmobs:raccoon_tail":1,"minecraft:lily_pad":1,"minecraft:stone_axe":1,"minecraft:cobbled_deepslate":1,"minecraft:raw_copper":1,"minecraft:bundle":1,"minecraft:diamond_pickaxe":1,"minecraft:spider_eye":2,"minecraft:spruce_log":3,"minecraft:arrow":2},"minecraft:used":{"minecraft:stone_sword":86,"minecraft:spruce_planks":5,"minecraft:rotten_flesh":5,"minecraft:torch":41,"minecraft:mutton":2,"minecraft:diamond_helmet":11,"minecraft:wooden_axe":20,"minecraft:iron_helmet":11,"minecraft:beef":4,"minecraft:furnace":5,"tombstone:gift":3,"minecraft:cobbled_deepslate":66,"minecraft:cooked_mutton":5,"minecraft:stone_pickaxe":61,"minecraft:wooden_pickaxe":8,"biomesoplenty:fir_planks":29,"biomesoplenty:fir_boat":1,"minecraft:diamond_axe":107,"minecraft:sand":21,"minecraft:crafting_table":13,"minecraft:white_bed":13,"minecraft:diamond_pickaxe":80,"minecraft:bread":10,"minecraft:iron_pickaxe":195,"create:asurine":1,"minecraft:stone_axe":54,"minecraft:diamond_sword":56,"minecraft:wooden_sword":25,"minecraft:cobblestone":62,"minecraft:cooked_porkchop":7,"minecraft:porkchop":2,"minecraft:andesite":19,"alexsmobs:animal_dictionary":1},"minecraft:mined":{"minecraft:tuff":25,"minecraft:white_bed":11,"minecraft:deepslate_diamond_ore":32,"minecraft:coal_block":32,"minecraft:spruce_leaves":11,"minecraft:hay_block":33,"minecraft:tall_seagrass":1,"minecraft:furnace":5,"biomesoplenty:toadstool":1,"minecraft:iron_ore":22,"minecraft:cobbled_deepslate":2,"minecraft:andesite":19,"create:asurine":1,"minecraft:stone":74,"minecraft:iron_block":1,"minecraft:oak_fence":3,"minecraft:crafting_table":13,"minecraft:torch":3,"minecraft:emerald_ore":1,"minecraft:copper_ore":2,"minecraft:tall_grass":1,"minecraft:cobblestone":5,"minecraft:wall_torch":4,"minecraft:spruce_log":9,"biomesoplenty:fir_log":17,"minecraft:grass":4,"minecraft:coal_ore":37,"minecraft:gravel":2,"minecraft:stone_bricks":1,"minecraft:deepslate":65,"minecraft:fern":6},"minecraft:picked_up":{"minecraft:crafting_table":13,"minecraft:string":2,"minecraft:raw_copper":8,"minecraft:iron_leggings":1,"minecraft:item_frame":1,"minecraft:cobbled_deepslate":66,"minecraft:beef":4,"alexsmobs:raccoon_tail":1,"minecraft:light_gray_wool":1,"minecraft:coal_block":31,"minecraft:furnace":4,"minecraft:raw_iron":22,"minecraft:torch":7,"minecraft:porkchop":19,"minecraft:arrow":3,"minecraft:rotten_flesh":5,"minecraft:hay_block":30,"minecraft:iron_block":1,"create:asurine":1,"minecraft:mutton":8,"minecraft:cobblestone":78,"minecraft:snowball":16,"minecraft:white_wool":4,"minecraft:andesite":19,"biomesoplenty:fir_log":15,"minecraft:flint":1,"minecraft:tuff":25,"minecraft:lily_pad":1,"minecraft:lantern":2,"minecraft:bone":1,"minecraft:bow":1,"biomesoplenty:fir_boat":1,"minecraft:rabbit_hide":1,"minecraft:rabbit":1,"biomesoplenty:toadstool":1,"minecraft:gravel":1,"minecraft:white_bed":12,"minecraft:spruce_log":9,"minecraft:spider_eye":2,"minecraft:bundle":2,"minecraft:diamond":32,"alexsmobs:rainbow_jelly":1,"minecraft:emerald":2,"minecraft:coal":57,"minecraft:diamond_pickaxe":1},"minecraft:killed_by":{"minecraft:creeper":1,"minecraft:spider":1,"minecraft:enderman":1,"minecraft:cave_spider":2,"minecraft:skeleton":2,"minecraft:zombie":1},"minecraft:killed":{"minecraft:cave_spider":2,"alexsmobs:raccoon":1,"minecraft:spider":3,"alexsmobs:seagull":1,"minecraft:skeleton":1,"alexsmobs:comb_jelly":1,"minecraft:pig":8,"minecraft:rabbit":1,"minecraft:sheep":5,"minecraft:zombie":5,"alexsmobs:crocodile":2,"minecraft:enderman":1,"minecraft:cow":2},"minecraft:crafted":{"minecraft:wooden_sword":1,"minecraft:furnace":1,"minecraft:cooked_mutton":6,"minecraft:diamond_helmet":1,"minecraft:diamond_leggings":1,"minecraft:stone_pickaxe":1,"minecraft:diamond_boots":1,"minecraft:wheat":108,"minecraft:diamond_sword":1,"biomesoplenty:fir_boat":1,"minecraft:cooked_porkchop":7,"minecraft:diamond_axe":1,"minecraft:crafting_table":1,"minecraft:spruce_planks":24,"minecraft:wooden_pickaxe":1,"minecraft:iron_helmet":1,"minecraft:stone_axe":1,"minecraft:bread":36,"minecraft:air":0,"biomesoplenty:fir_planks":60,"minecraft:diamond_pickaxe":1,"minecraft:shield":1,"minecraft:stick":32,"minecraft:iron_ingot":22,"minecraft:iron_pickaxe":1,"minecraft:wooden_axe":1,"minecraft:stone_sword":1,"minecraft:iron_leggings":1,"minecraft:white_bed":1,"minecraft:torch":48,"minecraft:diamond_chestplate":1},"minecraft:custom":{"minecraft:mob_kills":33,"minecraft:interact_with_crafting_table":20,"minecraft:open_barrel":1,"minecraft:eat_cake_slice":2,"minecraft:leave_game":3,"minecraft:time_since_death":19694,"minecraft:climb_one_cm":3064,"minecraft:sprint_one_cm":287379,"minecraft:walk_one_cm":375542,"minecraft:drop":17,"minecraft:talked_to_villager":2,"minecraft:play_time":115688,"minecraft:deaths":9,"minecraft:sneak_time":878,"minecraft:walk_under_water_one_cm":4286,"minecraft:boat_one_cm":82350,"minecraft:jump":3271,"minecraft:walk_on_water_one_cm":3131,"minecraft:total_world_time":115688,"minecraft:interact_with_furnace":21,"minecraft:sleep_in_bed":11,"minecraft:time_since_rest":594,"minecraft:damage_taken":3672,"minecraft:damage_dealt":5350,"minecraft:fly_one_cm":832452,"minecraft:swim_one_cm":9285,"minecraft:open_chest":7,"minecraft:crouch_one_cm":2783,"tombstone:undead_killed":6,"minecraft:fall_one_cm":94635}},"DataVersion":3465}