{"stats":{"minecraft:dropped":{"minecraft:wheat_seeds":1,"biomesoplenty:redwood_wood":1,"minecraft:cobbled_deepslate":6,"minecraft:cooked_porkchop":1,"minecraft:rotten_flesh":5,"minecraft:light_gray_wool":1,"minecraft:stick":1,"minecraft:gray_wool":1,"minecraft:diorite":1,"tombstone:grave_key":2,"tombstone:grave_dust":3,"minecraft:stone_pickaxe":1,"minecraft:wooden_pickaxe":1,"minecraft:bone":18},"minecraft:used":{"minecraft:cooked_mutton":14,"minecraft:diorite":5,"minecraft:stone_sword":6,"minecraft:birch_boat":1,"minecraft:stone_pickaxe":29,"minecraft:spruce_planks":10,"minecraft:shield":28,"minecraft:wooden_pickaxe":22,"minecraft:iron_sword":161,"minecraft:diamond_axe":11,"minecraft:iron_chestplate":1,"minecraft:crafting_table":10,"minecraft:tuff":1,"minecraft:white_bed":4,"minecraft:wooden_axe":44,"minecraft:iron_pickaxe":241,"minecraft:gravel":2,"minecraft:fishing_rod":1,"minecraft:cobblestone":63,"minecraft:furnace":7,"minecraft:cooked_porkchop":4,"tombstone:gift":4,"minecraft:cooked_beef":9,"minecraft:cobbled_deepslate":24},"minecraft:broken":{"minecraft:wooden_axe":1},"minecraft:mined":{"minecraft:dark_oak_planks":2,"create:zinc_ore":11,"biomesoplenty:jacaranda_leaves":4,"create:deepslate_zinc_ore":15,"minecraft:tuff":1,"minecraft:spruce_planks":1,"minecraft:white_bed":3,"minecraft:deepslate_diamond_ore":6,"minecraft:powder_snow":61,"biomesoplenty:hanging_cobweb_strand":2,"minecraft:crafting_table":9,"minecraft:deepslate_gold_ore":8,"minecraft:spruce_leaves":2,"biomesoplenty:huge_clover_petal":1,"minecraft:diorite":6,"minecraft:furnace":5,"minecraft:birch_log":3,"minecraft:mud":4,"minecraft:cobbled_deepslate":4,"minecraft:iron_ore":15,"minecraft:spruce_log":23,"create:asurine":26,"minecraft:grass":7,"minecraft:deepslate_iron_ore":26,"minecraft:coal_ore":64,"biomesoplenty:webbing":1,"minecraft:dirt":3,"minecraft:gravel":2,"minecraft:cobweb":3,"biomesoplenty:spider_egg":1,"minecraft:stone":84,"minecraft:deepslate":14,"biomesoplenty:redwood_wood":1,"minecraft:oak_leaves":1},"minecraft:picked_up":{"minecraft:mud":12,"minecraft:crafting_table":10,"minecraft:glow_ink_sac":4,"minecraft:andesite":3,"minecraft:leather":6,"minecraft:wooden_pickaxe":1,"minecraft:tuff":1,"create:raw_zinc":26,"tombstone:grave_key":1,"minecraft:string":5,"minecraft:dirt":11,"minecraft:bone":27,"minecraft:wheat_seeds":1,"minecraft:cobbled_deepslate":30,"minecraft:raw_gold":8,"minecraft:spruce_planks":10,"minecraft:beef":9,"tombstone:bag_of_seeds":1,"minecraft:light_gray_wool":1,"minecraft:glass_bottle":2,"biomesoplenty:redwood_wood":1,"minecraft:sugar_cane":5,"minecraft:egg":1,"minecraft:furnace":5,"minecraft:stick":1,"minecraft:raw_iron":41,"minecraft:gravel":2,"minecraft:porkchop":8,"tombstone:grave_dust":5,"minecraft:diorite":6,"minecraft:white_bed":3,"minecraft:spruce_log":33,"minecraft:spider_eye":1,"alexsmobs:animal_dictionary":1,"minecraft:bundle":1,"minecraft:stone_sword":2,"minecraft:arrow":18,"minecraft:rotten_flesh":14,"minecraft:diamond":6,"create:asurine":25,"minecraft:gray_wool":1,"minecraft:mutton":22,"minecraft:coal":119,"minecraft:snowball":9,"minecraft:white_wool":12,"minecraft:cobblestone":92,"minecraft:birch_log":3},"minecraft:killed_by":{"minecraft:spider":1,"minecraft:witch":1,"alexsmobs:snow_leopard":1},"minecraft:killed":{"minecraft:cave_spider":1,"minecraft:pig":4,"minecraft:witch":1,"minecraft:zombie_villager":1,"minecraft:spider":1,"minecraft:creeper":1,"minecraft:sheep":14,"minecraft:skeleton":15,"minecraft:zombie":23,"minecraft:drowned":1,"minecraft:cow":4},"minecraft:crafted":{"minecraft:cooked_beef":9,"minecraft:cooked_porkchop":5,"minecraft:diamond_axe":1,"minecraft:crafting_table":2,"minecraft:spruce_planks":52,"minecraft:birch_boat":1,"minecraft:wooden_pickaxe":1,"minecraft:iron_sword":1,"minecraft:furnace":2,"minecraft:birch_planks":12,"minecraft:cooked_mutton":22,"minecraft:air":0,"minecraft:iron_boots":1,"minecraft:iron_chestplate":1,"minecraft:diamond_pickaxe":1,"minecraft:shield":1,"minecraft:stick":20,"minecraft:chest":1,"minecraft:iron_ingot":19,"minecraft:iron_pickaxe":1,"minecraft:stone_pickaxe":1,"minecraft:wooden_axe":2,"minecraft:white_bed":2,"minecraft:torch":4},"minecraft:custom":{"minecraft:interact_with_furnace":31,"minecraft:mob_kills":66,"minecraft:interact_with_crafting_table":22,"minecraft:open_barrel":2,"minecraft:leave_game":1,"minecraft:time_since_death":104018,"minecraft:climb_one_cm":571,"minecraft:sleep_in_bed":3,"minecraft:time_since_rest":4576,"minecraft:sprint_one_cm":367747,"minecraft:damage_taken":2455,"minecraft:walk_one_cm":270654,"minecraft:damage_blocked_by_shield":1095,"minecraft:drop":17,"minecraft:damage_dealt":10243,"minecraft:swim_one_cm":64404,"minecraft:fly_one_cm":689151,"minecraft:player_kills":1,"minecraft:open_chest":10,"minecraft:crouch_one_cm":5695,"minecraft:play_time":127280,"tombstone:undead_killed":40,"minecraft:deaths":3,"minecraft:sneak_time":2805,"minecraft:walk_under_water_one_cm":39586,"minecraft:boat_one_cm":77805,"minecraft:jump":3183,"minecraft:interact_with_brewingstand":1,"minecraft:walk_on_water_one_cm":62591,"minecraft:total_world_time":127280,"minecraft:fall_one_cm":73043}},"DataVersion":3465}