{"stats":{"minecraft:dropped":{"minecraft:cooked_porkchop":1,"minecraft:rotten_flesh":1,"tombstone:grave_key":2},"minecraft:used":{"minecraft:cooked_mutton":3,"minecraft:stone_sword":6,"minecraft:stone_pickaxe":29,"minecraft:shield":9,"minecraft:wooden_pickaxe":22,"minecraft:iron_sword":39,"minecraft:crafting_table":6,"minecraft:white_bed":1,"minecraft:wooden_axe":44,"minecraft:iron_pickaxe":35,"minecraft:gravel":2,"minecraft:cobblestone":24,"minecraft:furnace":3,"minecraft:cooked_porkchop":4,"tombstone:gift":2},"minecraft:broken":{"minecraft:wooden_axe":1},"minecraft:mined":{"minecraft:white_bed":1,"minecraft:powder_snow":61,"minecraft:crafting_table":6,"minecraft:spruce_leaves":2,"biomesoplenty:huge_clover_petal":1,"minecraft:diorite":1,"minecraft:furnace":3,"minecraft:mud":4,"minecraft:iron_ore":8,"minecraft:spruce_log":23,"minecraft:grass":7,"minecraft:coal_ore":30,"minecraft:gravel":2,"minecraft:stone":43,"biomesoplenty:redwood_wood":1},"minecraft:picked_up":{"minecraft:mud":12,"minecraft:crafting_table":7,"minecraft:andesite":3,"minecraft:leather":6,"minecraft:wooden_pickaxe":1,"tombstone:grave_key":1,"minecraft:dirt":9,"minecraft:bone":6,"minecraft:wheat_seeds":1,"minecraft:spruce_planks":9,"minecraft:beef":9,"tombstone:bag_of_seeds":1,"minecraft:light_gray_wool":1,"minecraft:glass_bottle":2,"biomesoplenty:redwood_wood":1,"minecraft:sugar_cane":5,"minecraft:egg":1,"minecraft:furnace":3,"minecraft:stick":1,"minecraft:raw_iron":8,"minecraft:gravel":2,"minecraft:porkchop":8,"tombstone:grave_dust":2,"minecraft:diorite":1,"minecraft:white_bed":1,"minecraft:spruce_log":33,"alexsmobs:animal_dictionary":1,"minecraft:bundle":1,"minecraft:stone_sword":2,"minecraft:arrow":4,"minecraft:rotten_flesh":4,"minecraft:gray_wool":1,"minecraft:mutton":22,"minecraft:coal":30,"minecraft:snowball":9,"minecraft:white_wool":12,"minecraft:cobblestone":51},"minecraft:killed_by":{"minecraft:spider":1,"minecraft:witch":1,"alexsmobs:snow_leopard":1},"minecraft:crafted":{"minecraft:cooked_porkchop":5,"minecraft:crafting_table":2,"minecraft:spruce_planks":52,"minecraft:wooden_pickaxe":1,"minecraft:iron_sword":1,"minecraft:furnace":2,"minecraft:cooked_mutton":9,"minecraft:air":0,"minecraft:shield":1,"minecraft:stick":16,"minecraft:iron_ingot":8,"minecraft:iron_pickaxe":1,"minecraft:stone_pickaxe":1,"minecraft:wooden_axe":2,"minecraft:white_bed":1,"minecraft:torch":4},"minecraft:killed":{"minecraft:pig":4,"minecraft:witch":1,"minecraft:sheep":14,"minecraft:skeleton":5,"minecraft:zombie":3,"minecraft:drowned":1,"minecraft:cow":4},"minecraft:custom":{"minecraft:interact_with_furnace":18,"minecraft:mob_kills":32,"minecraft:interact_with_crafting_table":12,"minecraft:open_barrel":2,"minecraft:leave_game":1,"minecraft:time_since_death":44018,"minecraft:sleep_in_bed":1,"minecraft:time_since_rest":1910,"minecraft:sprint_one_cm":233941,"minecraft:damage_taken":1162,"minecraft:walk_one_cm":143475,"minecraft:damage_blocked_by_shield":350,"minecraft:drop":4,"minecraft:damage_dealt":4135,"minecraft:swim_one_cm":22436,"minecraft:fly_one_cm":472973,"minecraft:player_kills":1,"minecraft:open_chest":6,"minecraft:crouch_one_cm":3438,"minecraft:play_time":67280,"tombstone:undead_killed":9,"minecraft:deaths":3,"minecraft:sneak_time":1647,"minecraft:walk_under_water_one_cm":12145,"minecraft:jump":1843,"minecraft:interact_with_brewingstand":1,"minecraft:walk_on_water_one_cm":14655,"minecraft:total_world_time":67280,"minecraft:fall_one_cm":46446}},"DataVersion":3465}