{"stats":{"minecraft:dropped":{"minecraft:wheat_seeds":1,"biomesoplenty:redwood_wood":1,"minecraft:cooked_porkchop":1,"minecraft:stick":1,"minecraft:gray_wool":1,"minecraft:diorite":1,"tombstone:grave_key":2,"tombstone:grave_dust":3,"minecraft:string":1,"minecraft:bone":18,"minecraft:cobbled_deepslate":6,"minecraft:rotten_flesh":5,"minecraft:light_gray_wool":1,"minecraft:wooden_pickaxe":1,"minecraft:stone_pickaxe":1,"minecraft:egg":1},"minecraft:used":{"minecraft:stone_sword":6,"minecraft:spruce_planks":10,"minecraft:shield":28,"minecraft:iron_sword":167,"minecraft:iron_chestplate":1,"minecraft:golden_shovel":32,"minecraft:tuff":1,"minecraft:wooden_axe":44,"minecraft:furnace":7,"tombstone:gift":4,"minecraft:cooked_beef":9,"minecraft:cobbled_deepslate":24,"minecraft:cooked_mutton":21,"minecraft:diorite":5,"minecraft:stone_pickaxe":29,"minecraft:wooden_pickaxe":22,"minecraft:birch_boat":7,"minecraft:diamond_axe":15,"minecraft:cobblestone_slab":2,"minecraft:crafting_table":11,"minecraft:white_bed":6,"minecraft:diamond_pickaxe":76,"minecraft:iron_pickaxe":241,"create:asurine":32,"minecraft:gravel":2,"minecraft:fishing_rod":1,"minecraft:cobblestone":81,"minecraft:cooked_porkchop":4},"minecraft:broken":{"minecraft:leather_leggings":1,"minecraft:golden_shovel":1,"minecraft:wooden_axe":1},"minecraft:mined":{"minecraft:dark_oak_planks":2,"create:zinc_ore":11,"create:deepslate_zinc_ore":15,"minecraft:tuff":1,"minecraft:spruce_planks":1,"minecraft:white_bed":4,"minecraft:deepslate_diamond_ore":6,"minecraft:grass_block":31,"minecraft:spruce_leaves":2,"minecraft:furnace":5,"minecraft:iron_ore":15,"minecraft:cobbled_deepslate":4,"minecraft:gold_block":1,"create:asurine":33,"minecraft:dirt_path":2,"minecraft:deepslate_iron_ore":26,"biomesoplenty:webbing":1,"minecraft:stone":142,"biomesoplenty:spider_egg":1,"minecraft:spruce_slab":1,"biomesoplenty:jacaranda_leaves":4,"minecraft:powder_snow":61,"biomesoplenty:hanging_cobweb_strand":2,"minecraft:crafting_table":10,"minecraft:cobblestone":1,"biomesoplenty:huge_clover_petal":1,"minecraft:deepslate_gold_ore":8,"minecraft:diorite":6,"minecraft:mud":4,"minecraft:birch_log":3,"minecraft:spruce_log":23,"minecraft:yellow_bed":1,"minecraft:grass":10,"minecraft:coal_ore":64,"minecraft:gravel":7,"minecraft:sand":2,"minecraft:dirt":20,"minecraft:cobweb":3,"minecraft:stonecutter":1,"biomesoplenty:redwood_wood":1,"minecraft:oak_leaves":3,"minecraft:deepslate":14},"minecraft:picked_up":{"minecraft:mud":12,"minecraft:crafting_table":11,"minecraft:wooden_pickaxe":1,"minecraft:gold_block":1,"tombstone:grave_key":1,"minecraft:string":5,"minecraft:experience_bottle":1,"minecraft:cobbled_deepslate":30,"minecraft:spruce_planks":10,"minecraft:beef":9,"minecraft:light_gray_wool":1,"biomesoplenty:redwood_wood":1,"minecraft:sugar_cane":5,"minecraft:furnace":5,"minecraft:egg":1,"minecraft:raw_iron":41,"minecraft:stick":1,"minecraft:porkchop":8,"tombstone:grave_dust":5,"minecraft:diorite":6,"minecraft:stone_sword":2,"minecraft:arrow":18,"minecraft:rotten_flesh":14,"biomesoplenty:cattail":1,"create:asurine":32,"minecraft:gold_ingot":1,"minecraft:mutton":23,"minecraft:snowball":9,"minecraft:white_wool":13,"minecraft:cobblestone":151,"minecraft:birch_log":3,"minecraft:glow_ink_sac":4,"minecraft:andesite":3,"minecraft:leather":6,"minecraft:tuff":1,"create:raw_zinc":26,"minecraft:lily_pad":1,"minecraft:yellow_bed":1,"minecraft:dirt":60,"minecraft:bone":27,"minecraft:stonecutter":1,"minecraft:wheat_seeds":1,"minecraft:raw_gold":8,"minecraft:iron_ingot":1,"tombstone:bag_of_seeds":1,"minecraft:glass_bottle":2,"minecraft:birch_boat":7,"minecraft:gravel":7,"minecraft:sand":2,"minecraft:white_bed":4,"minecraft:spruce_log":33,"minecraft:spider_eye":1,"alexsmobs:animal_dictionary":1,"minecraft:bundle":1,"minecraft:diamond":6,"minecraft:gray_wool":1,"minecraft:emerald":1,"minecraft:coal":119},"minecraft:killed_by":{"minecraft:spider":1,"alexsmobs:snow_leopard":1,"minecraft:witch":1},"minecraft:killed":{"minecraft:cave_spider":1,"minecraft:witch":1,"minecraft:spider":1,"minecraft:skeleton":15,"minecraft:drowned":1,"minecraft:pig":4,"minecraft:zombie_villager":1,"minecraft:creeper":1,"minecraft:sheep":15,"minecraft:zombie":23,"minecraft:cow":4},"minecraft:crafted":{"minecraft:cobblestone_slab":6,"minecraft:birch_boat":1,"minecraft:furnace":2,"minecraft:cooked_mutton":22,"minecraft:iron_boots":1,"minecraft:stone_pickaxe":1,"minecraft:chest":1,"minecraft:cooked_beef":9,"sophisticatedbackpacks:backpack":1,"minecraft:cooked_porkchop":5,"minecraft:diamond_axe":1,"minecraft:crafting_table":2,"minecraft:spruce_planks":52,"minecraft:wooden_pickaxe":1,"minecraft:iron_sword":1,"minecraft:golden_shovel":1,"minecraft:birch_planks":12,"minecraft:air":0,"minecraft:iron_chestplate":1,"minecraft:diamond_pickaxe":1,"minecraft:shield":1,"minecraft:stick":20,"minecraft:iron_pickaxe":1,"minecraft:iron_ingot":19,"minecraft:wooden_axe":2,"minecraft:white_bed":2,"minecraft:torch":4},"minecraft:custom":{"minecraft:mob_kills":67,"minecraft:interact_with_crafting_table":24,"minecraft:open_barrel":3,"minecraft:leave_game":1,"minecraft:time_since_death":134018,"minecraft:climb_one_cm":3566,"minecraft:sprint_one_cm":467848,"minecraft:walk_one_cm":346229,"minecraft:damage_blocked_by_shield":1095,"minecraft:drop":19,"minecraft:talked_to_villager":5,"minecraft:play_time":157280,"minecraft:sneak_time":3502,"minecraft:deaths":3,"minecraft:walk_under_water_one_cm":48996,"minecraft:boat_one_cm":246744,"minecraft:jump":3729,"minecraft:interact_with_brewingstand":1,"minecraft:walk_on_water_one_cm":74286,"minecraft:total_world_time":157280,"minecraft:interact_with_furnace":31,"minecraft:sleep_in_bed":5,"minecraft:time_since_rest":3538,"minecraft:damage_taken":2922,"minecraft:damage_dealt":10400,"minecraft:player_kills":1,"minecraft:fly_one_cm":781973,"minecraft:swim_one_cm":86015,"minecraft:open_chest":18,"minecraft:crouch_one_cm":7198,"tombstone:undead_killed":40,"minecraft:fall_one_cm":83543}},"DataVersion":3465}