{"stats":{"minecraft:dropped":{"minecraft:cooked_porkchop":1,"minecraft:rotten_flesh":1,"tombstone:grave_key":2},"minecraft:used":{"minecraft:cooked_mutton":2,"minecraft:stone_sword":6,"minecraft:stone_pickaxe":29,"minecraft:wooden_pickaxe":22,"minecraft:iron_sword":14,"minecraft:crafting_table":5,"minecraft:wooden_axe":44,"minecraft:iron_pickaxe":2,"minecraft:gravel":2,"minecraft:furnace":3,"minecraft:cooked_porkchop":3,"tombstone:gift":2},"minecraft:broken":{"minecraft:wooden_axe":1},"minecraft:mined":{"minecraft:powder_snow":61,"minecraft:crafting_table":5,"minecraft:spruce_leaves":2,"minecraft:diorite":1,"minecraft:furnace":3,"minecraft:mud":4,"minecraft:iron_ore":8,"minecraft:spruce_log":23,"minecraft:grass":5,"minecraft:coal_ore":4,"minecraft:gravel":2,"minecraft:stone":36,"biomesoplenty:redwood_wood":1},"minecraft:picked_up":{"minecraft:mud":12,"minecraft:crafting_table":6,"minecraft:andesite":3,"minecraft:leather":6,"minecraft:wooden_pickaxe":1,"tombstone:grave_key":1,"minecraft:dirt":9,"minecraft:bone":2,"minecraft:wheat_seeds":1,"minecraft:spruce_planks":9,"minecraft:beef":9,"tombstone:bag_of_seeds":1,"minecraft:light_gray_wool":1,"minecraft:glass_bottle":2,"biomesoplenty:redwood_wood":1,"minecraft:sugar_cane":5,"minecraft:egg":1,"minecraft:furnace":3,"minecraft:stick":1,"minecraft:raw_iron":8,"minecraft:gravel":2,"minecraft:porkchop":8,"minecraft:diorite":1,"minecraft:spruce_log":33,"alexsmobs:animal_dictionary":1,"minecraft:stone_sword":2,"minecraft:rotten_flesh":1,"minecraft:gray_wool":1,"minecraft:mutton":18,"minecraft:coal":4,"minecraft:snowball":9,"minecraft:white_wool":9,"minecraft:cobblestone":44},"minecraft:killed_by":{"minecraft:spider":1,"minecraft:witch":1,"alexsmobs:snow_leopard":1},"minecraft:crafted":{"minecraft:cooked_porkchop":5,"minecraft:crafting_table":2,"minecraft:spruce_planks":52,"minecraft:wooden_pickaxe":1,"minecraft:iron_sword":1,"minecraft:furnace":2,"minecraft:cooked_mutton":9,"minecraft:air":0,"minecraft:shield":1,"minecraft:stick":12,"minecraft:iron_ingot":8,"minecraft:iron_pickaxe":1,"minecraft:stone_pickaxe":1,"minecraft:wooden_axe":2},"minecraft:killed":{"minecraft:pig":4,"minecraft:witch":1,"minecraft:sheep":11,"minecraft:skeleton":2,"minecraft:zombie":1,"minecraft:cow":4},"minecraft:custom":{"minecraft:interact_with_furnace":18,"minecraft:mob_kills":23,"minecraft:interact_with_crafting_table":11,"minecraft:open_barrel":2,"minecraft:leave_game":1,"minecraft:time_since_death":32018,"minecraft:time_since_rest":30475,"minecraft:sprint_one_cm":171008,"minecraft:damage_taken":967,"minecraft:walk_one_cm":114807,"minecraft:drop":4,"minecraft:damage_dealt":2692,"minecraft:swim_one_cm":17089,"minecraft:fly_one_cm":387342,"minecraft:player_kills":1,"minecraft:open_chest":6,"minecraft:crouch_one_cm":1793,"minecraft:play_time":55280,"tombstone:undead_killed":3,"minecraft:deaths":3,"minecraft:sneak_time":760,"minecraft:walk_under_water_one_cm":9614,"minecraft:jump":1442,"minecraft:interact_with_brewingstand":1,"minecraft:walk_on_water_one_cm":10663,"minecraft:total_world_time":55280,"minecraft:fall_one_cm":36847}},"DataVersion":3465}