{"stats":{"minecraft:dropped":{"minecraft:cobbled_deepslate":6,"minecraft:cooked_porkchop":1,"minecraft:rotten_flesh":5,"minecraft:light_gray_wool":1,"minecraft:stick":1,"minecraft:gray_wool":1,"minecraft:diorite":1,"tombstone:grave_key":2,"minecraft:stone_pickaxe":1,"minecraft:wooden_pickaxe":1,"minecraft:bone":18},"minecraft:used":{"minecraft:cooked_mutton":8,"minecraft:stone_sword":6,"minecraft:stone_pickaxe":29,"minecraft:spruce_planks":10,"minecraft:shield":28,"minecraft:wooden_pickaxe":22,"minecraft:iron_sword":155,"minecraft:iron_chestplate":1,"minecraft:crafting_table":7,"minecraft:white_bed":1,"minecraft:wooden_axe":44,"minecraft:iron_pickaxe":195,"minecraft:gravel":2,"minecraft:cobblestone":27,"minecraft:furnace":7,"minecraft:cooked_porkchop":4,"tombstone:gift":4,"minecraft:cooked_beef":9,"minecraft:cobbled_deepslate":20},"minecraft:broken":{"minecraft:wooden_axe":1},"minecraft:mined":{"create:zinc_ore":11,"biomesoplenty:jacaranda_leaves":4,"create:deepslate_zinc_ore":15,"minecraft:tuff":1,"minecraft:spruce_planks":1,"minecraft:white_bed":1,"minecraft:deepslate_diamond_ore":6,"minecraft:powder_snow":61,"biomesoplenty:hanging_cobweb_strand":2,"minecraft:crafting_table":7,"minecraft:deepslate_gold_ore":8,"minecraft:spruce_leaves":2,"biomesoplenty:huge_clover_petal":1,"minecraft:diorite":4,"minecraft:furnace":5,"minecraft:mud":4,"minecraft:cobbled_deepslate":4,"minecraft:iron_ore":13,"minecraft:spruce_log":23,"create:asurine":26,"minecraft:grass":7,"minecraft:deepslate_iron_ore":26,"minecraft:coal_ore":61,"biomesoplenty:webbing":1,"minecraft:gravel":2,"biomesoplenty:spider_egg":1,"minecraft:stone":47,"minecraft:deepslate":14,"biomesoplenty:redwood_wood":1,"minecraft:oak_leaves":1},"minecraft:picked_up":{"minecraft:mud":12,"minecraft:crafting_table":8,"minecraft:glow_ink_sac":4,"minecraft:andesite":3,"minecraft:leather":6,"minecraft:wooden_pickaxe":1,"minecraft:tuff":1,"create:raw_zinc":26,"tombstone:grave_key":1,"minecraft:string":2,"minecraft:dirt":9,"minecraft:bone":27,"minecraft:wheat_seeds":1,"minecraft:cobbled_deepslate":30,"minecraft:raw_gold":8,"minecraft:spruce_planks":10,"minecraft:beef":9,"tombstone:bag_of_seeds":1,"minecraft:light_gray_wool":1,"minecraft:glass_bottle":2,"biomesoplenty:redwood_wood":1,"minecraft:sugar_cane":5,"minecraft:egg":1,"minecraft:furnace":5,"minecraft:stick":1,"minecraft:raw_iron":39,"minecraft:gravel":2,"minecraft:porkchop":8,"tombstone:grave_dust":2,"minecraft:diorite":4,"minecraft:white_bed":1,"minecraft:spruce_log":33,"minecraft:spider_eye":1,"alexsmobs:animal_dictionary":1,"minecraft:bundle":1,"minecraft:stone_sword":2,"minecraft:arrow":18,"minecraft:rotten_flesh":13,"minecraft:diamond":6,"create:asurine":25,"minecraft:gray_wool":1,"minecraft:mutton":22,"minecraft:coal":116,"minecraft:snowball":9,"minecraft:white_wool":12,"minecraft:cobblestone":55},"minecraft:killed_by":{"minecraft:spider":1,"minecraft:witch":1,"alexsmobs:snow_leopard":1},"minecraft:killed":{"minecraft:cave_spider":1,"minecraft:pig":4,"minecraft:witch":1,"minecraft:zombie_villager":1,"minecraft:spider":1,"minecraft:creeper":1,"minecraft:sheep":14,"minecraft:skeleton":15,"minecraft:zombie":22,"minecraft:drowned":1,"minecraft:cow":4},"minecraft:crafted":{"minecraft:cooked_beef":9,"minecraft:cooked_porkchop":5,"minecraft:crafting_table":2,"minecraft:spruce_planks":52,"minecraft:wooden_pickaxe":1,"minecraft:iron_sword":1,"minecraft:furnace":2,"minecraft:cooked_mutton":22,"minecraft:air":0,"minecraft:iron_boots":1,"minecraft:iron_chestplate":1,"minecraft:diamond_pickaxe":1,"minecraft:shield":1,"minecraft:stick":16,"minecraft:iron_ingot":19,"minecraft:iron_pickaxe":1,"minecraft:stone_pickaxe":1,"minecraft:wooden_axe":2,"minecraft:white_bed":1,"minecraft:torch":4},"minecraft:custom":{"minecraft:interact_with_furnace":31,"minecraft:mob_kills":65,"minecraft:interact_with_crafting_table":14,"minecraft:open_barrel":2,"minecraft:leave_game":1,"minecraft:time_since_death":80018,"minecraft:climb_one_cm":42,"minecraft:sleep_in_bed":1,"minecraft:time_since_rest":37910,"minecraft:sprint_one_cm":308642,"minecraft:damage_taken":2302,"minecraft:walk_one_cm":247439,"minecraft:damage_blocked_by_shield":1095,"minecraft:drop":14,"minecraft:damage_dealt":9996,"minecraft:swim_one_cm":22491,"minecraft:fly_one_cm":567830,"minecraft:player_kills":1,"minecraft:open_chest":6,"minecraft:crouch_one_cm":5523,"minecraft:play_time":103280,"tombstone:undead_killed":39,"minecraft:deaths":3,"minecraft:sneak_time":2679,"minecraft:walk_under_water_one_cm":25128,"minecraft:jump":2604,"minecraft:interact_with_brewingstand":1,"minecraft:walk_on_water_one_cm":28964,"minecraft:total_world_time":103280,"minecraft:fall_one_cm":61210}},"DataVersion":3465}